0,Hearthstone: Heroes of Warcraft,04:47:28
0,Hearthstone: Heroes of Warcraft,04:47:29
0,Hearthstone: Heroes of Warcraft,04:47:30
0,Hearthstone: Heroes of Warcraft,04:47:31
260,Hearthstone: Heroes of Warcraft,04:47:32
260,Hearthstone: Heroes of Warcraft,04:47:33
260,Hearthstone: Heroes of Warcraft,04:47:34
260,Hearthstone: Heroes of Warcraft,04:47:35
260,Hearthstone: Heroes of Warcraft,04:47:35
260,Hearthstone: Heroes of Warcraft,04:47:36
260,Hearthstone: Heroes of Warcraft,04:47:37
260,Hearthstone: Heroes of Warcraft,04:47:38
260,Hearthstone: Heroes of Warcraft,04:47:39
260,Hearthstone: Heroes of Warcraft,04:47:40
260,Hearthstone: Heroes of Warcraft,04:47:41
260,Hearthstone: Heroes of Warcraft,04:47:42
260,Hearthstone: Heroes of Warcraft,04:47:43
260,Hearthstone: Heroes of Warcraft,04:47:43
260,Hearthstone: Heroes of Warcraft,04:47:44
260,Hearthstone: Heroes of Warcraft,04:47:45
260,Hearthstone: Heroes of Warcraft,04:47:46
260,Hearthstone: Heroes of Warcraft,04:47:47
260,Hearthstone: Heroes of Warcraft,04:47:48
260,Hearthstone: Heroes of Warcraft,04:47:49
260,Hearthstone: Heroes of Warcraft,04:47:49
260,Hearthstone: Heroes of Warcraft,04:47:50
260,Hearthstone: Heroes of Warcraft,04:47:51
260,Hearthstone: Heroes of Warcraft,04:47:52
260,Hearthstone: Heroes of Warcraft,04:47:53
260,Hearthstone: Heroes of Warcraft,04:47:54
260,Hearthstone: Heroes of Warcraft,04:47:55
260,Hearthstone: Heroes of Warcraft,04:47:56
260,Hearthstone: Heroes of Warcraft,04:47:57
260,Hearthstone: Heroes of Warcraft,04:47:58
260,Hearthstone: Heroes of Warcraft,04:47:59
260,Hearthstone: Heroes of Warcraft,04:47:59
260,Hearthstone: Heroes of Warcraft,04:48:00
260,Hearthstone: Heroes of Warcraft,04:48:01
260,Hearthstone: Heroes of Warcraft,04:48:02
260,Hearthstone: Heroes of Warcraft,04:48:03
260,Hearthstone: Heroes of Warcraft,04:48:04
260,Hearthstone: Heroes of Warcraft,04:48:05
260,Hearthstone: Heroes of Warcraft,04:48:06
260,Hearthstone: Heroes of Warcraft,04:48:06
260,Hearthstone: Heroes of Warcraft,04:48:07
260,Hearthstone: Heroes of Warcraft,04:48:08
260,Hearthstone: Heroes of Warcraft,04:48:09
260,Hearthstone: Heroes of Warcraft,04:48:10
260,Hearthstone: Heroes of Warcraft,04:48:11
260,Hearthstone: Heroes of Warcraft,04:48:12
260,Hearthstone: Heroes of Warcraft,04:48:13
260,Hearthstone: Heroes of Warcraft,04:48:13
260,Hearthstone: Heroes of Warcraft,04:48:14
829,Hearthstone: Heroes of Warcraft,04:48:15
829,Hearthstone: Heroes of Warcraft,04:48:16
829,Hearthstone: Heroes of Warcraft,04:48:17
829,Hearthstone: Heroes of Warcraft,04:48:18
829,Hearthstone: Heroes of Warcraft,04:48:19
829,Hearthstone: Heroes of Warcraft,04:48:20
829,Hearthstone: Heroes of Warcraft,04:48:20
829,Hearthstone: Heroes of Warcraft,04:48:21
829,Hearthstone: Heroes of Warcraft,04:48:22
829,Hearthstone: Heroes of Warcraft,04:48:23
829,Hearthstone: Heroes of Warcraft,04:48:24
829,Hearthstone: Heroes of Warcraft,04:48:25
829,Hearthstone: Heroes of Warcraft,04:48:26
829,Hearthstone: Heroes of Warcraft,04:48:27
829,Hearthstone: Heroes of Warcraft,04:48:28
829,Hearthstone: Heroes of Warcraft,04:48:28
829,Hearthstone: Heroes of Warcraft,04:48:29
829,Hearthstone: Heroes of Warcraft,04:48:30
829,Hearthstone: Heroes of Warcraft,04:48:31
829,Hearthstone: Heroes of Warcraft,04:48:32
829,Hearthstone: Heroes of Warcraft,04:48:33
829,Hearthstone: Heroes of Warcraft,04:48:34
829,Hearthstone: Heroes of Warcraft,04:48:35
829,Hearthstone: Heroes of Warcraft,04:48:35
829,Hearthstone: Heroes of Warcraft,04:48:36
829,Hearthstone: Heroes of Warcraft,04:48:37
829,Hearthstone: Heroes of Warcraft,04:48:38
829,Hearthstone: Heroes of Warcraft,04:48:39
829,Hearthstone: Heroes of Warcraft,04:48:40
829,Hearthstone: Heroes of Warcraft,04:48:41
829,Hearthstone: Heroes of Warcraft,04:48:42
829,Hearthstone: Heroes of Warcraft,04:48:42
829,Hearthstone: Heroes of Warcraft,04:48:43
829,Hearthstone: Heroes of Warcraft,04:48:44
829,Hearthstone: Heroes of Warcraft,04:48:45
829,Hearthstone: Heroes of Warcraft,04:48:46
829,Hearthstone: Heroes of Warcraft,04:48:47
829,Hearthstone: Heroes of Warcraft,04:48:48
829,Hearthstone: Heroes of Warcraft,04:48:49
829,Hearthstone: Heroes of Warcraft,04:48:49
829,Hearthstone: Heroes of Warcraft,04:48:50
829,Hearthstone: Heroes of Warcraft,04:48:51
829,Hearthstone: Heroes of Warcraft,04:48:52
829,Hearthstone: Heroes of Warcraft,04:48:53
829,Hearthstone: Heroes of Warcraft,04:48:54
829,Hearthstone: Heroes of Warcraft,04:48:55
829,Hearthstone: Heroes of Warcraft,04:48:56
829,Hearthstone: Heroes of Warcraft,04:48:56
829,Hearthstone: Heroes of Warcraft,04:48:57
829,Hearthstone: Heroes of Warcraft,04:48:58
829,Hearthstone: Heroes of Warcraft,04:48:59
829,Hearthstone: Heroes of Warcraft,04:49:00
829,Hearthstone: Heroes of Warcraft,04:49:01
1421,Hearthstone: Heroes of Warcraft,04:49:02
1421,Hearthstone: Heroes of Warcraft,04:49:03
1421,Hearthstone: Heroes of Warcraft,04:49:03
1421,Hearthstone: Heroes of Warcraft,04:49:04
1421,Hearthstone: Heroes of Warcraft,04:49:05
1421,Hearthstone: Heroes of Warcraft,04:49:06
1421,Hearthstone: Heroes of Warcraft,04:49:07
1421,Hearthstone: Heroes of Warcraft,04:49:08
1421,Hearthstone: Heroes of Warcraft,04:49:09
1421,Hearthstone: Heroes of Warcraft,04:49:10
1421,Hearthstone: Heroes of Warcraft,04:49:10
1421,Hearthstone: Heroes of Warcraft,04:49:11
1421,Hearthstone: Heroes of Warcraft,04:49:12
1421,Hearthstone: Heroes of Warcraft,04:49:13
1421,Hearthstone: Heroes of Warcraft,04:49:14
1421,Hearthstone: Heroes of Warcraft,04:49:15
1421,Hearthstone: Heroes of Warcraft,04:49:16
1421,Hearthstone: Heroes of Warcraft,04:49:17
1421,Hearthstone: Heroes of Warcraft,04:49:17
1421,Hearthstone: Heroes of Warcraft,04:49:18
1421,Hearthstone: Heroes of Warcraft,04:49:19
1421,Hearthstone: Heroes of Warcraft,04:49:20
1421,Hearthstone: Heroes of Warcraft,04:49:21
1421,Hearthstone: Heroes of Warcraft,04:49:22
1421,Hearthstone: Heroes of Warcraft,04:49:23
1421,Hearthstone: Heroes of Warcraft,04:49:24
1421,Hearthstone: Heroes of Warcraft,04:49:24
1421,Hearthstone: Heroes of Warcraft,04:49:25
1421,Hearthstone: Heroes of Warcraft,04:49:26
1421,Hearthstone: Heroes of Warcraft,04:49:27
1421,Hearthstone: Heroes of Warcraft,04:49:28
1421,Hearthstone: Heroes of Warcraft,04:49:29
1421,Hearthstone: Heroes of Warcraft,04:49:30
1421,Hearthstone: Heroes of Warcraft,04:49:30
1421,Hearthstone: Heroes of Warcraft,04:49:31
1421,Hearthstone: Heroes of Warcraft,04:49:32
1421,Hearthstone: Heroes of Warcraft,04:49:33
1421,Hearthstone: Heroes of Warcraft,04:49:34
1421,Hearthstone: Heroes of Warcraft,04:49:35
1421,Hearthstone: Heroes of Warcraft,04:49:36
1421,Hearthstone: Heroes of Warcraft,04:49:37
1421,Hearthstone: Heroes of Warcraft,04:49:37
1421,Hearthstone: Heroes of Warcraft,04:49:38
1421,Hearthstone: Heroes of Warcraft,04:49:39
1421,Hearthstone: Heroes of Warcraft,04:49:40
1421,Hearthstone: Heroes of Warcraft,04:49:41
1421,Hearthstone: Heroes of Warcraft,04:49:42
1421,Hearthstone: Heroes of Warcraft,04:49:43
1551,Hearthstone: Heroes of Warcraft,04:49:44
1551,Hearthstone: Heroes of Warcraft,04:49:45
1551,Hearthstone: Heroes of Warcraft,04:49:46
1551,Hearthstone: Heroes of Warcraft,04:49:46
1551,Hearthstone: Heroes of Warcraft,04:49:47
1551,Hearthstone: Heroes of Warcraft,04:49:48
1551,Hearthstone: Heroes of Warcraft,04:49:49
1551,Hearthstone: Heroes of Warcraft,04:49:50
1551,Hearthstone: Heroes of Warcraft,04:49:51
1551,Hearthstone: Heroes of Warcraft,04:49:52
1551,Hearthstone: Heroes of Warcraft,04:49:53
1551,Hearthstone: Heroes of Warcraft,04:49:53
1551,Hearthstone: Heroes of Warcraft,04:49:54
1551,Hearthstone: Heroes of Warcraft,04:49:55
1551,Hearthstone: Heroes of Warcraft,04:49:56
1551,Hearthstone: Heroes of Warcraft,04:49:57
1551,Hearthstone: Heroes of Warcraft,04:49:58
1551,Hearthstone: Heroes of Warcraft,04:49:59
1551,Hearthstone: Heroes of Warcraft,04:50:00
1551,Hearthstone: Heroes of Warcraft,04:50:00
1551,Hearthstone: Heroes of Warcraft,04:50:01
1551,Hearthstone: Heroes of Warcraft,04:50:02
1551,Hearthstone: Heroes of Warcraft,04:50:03
1551,Hearthstone: Heroes of Warcraft,04:50:04
1551,Hearthstone: Heroes of Warcraft,04:50:05
1551,Hearthstone: Heroes of Warcraft,04:50:06
1551,Hearthstone: Heroes of Warcraft,04:50:07
1551,Hearthstone: Heroes of Warcraft,04:50:07
1551,Hearthstone: Heroes of Warcraft,04:50:08
1551,Hearthstone: Heroes of Warcraft,04:50:09
1551,Hearthstone: Heroes of Warcraft,04:50:10
1551,Hearthstone: Heroes of Warcraft,04:50:11
1551,Hearthstone: Heroes of Warcraft,04:50:12
1551,Hearthstone: Heroes of Warcraft,04:50:13
1551,Hearthstone: Heroes of Warcraft,04:50:14
1551,Hearthstone: Heroes of Warcraft,04:50:14
1551,Hearthstone: Heroes of Warcraft,04:50:15
1551,Hearthstone: Heroes of Warcraft,04:50:16
1551,Hearthstone: Heroes of Warcraft,04:50:17
1551,Hearthstone: Heroes of Warcraft,04:50:18
1551,Hearthstone: Heroes of Warcraft,04:50:19
1551,Hearthstone: Heroes of Warcraft,04:50:20
1551,Hearthstone: Heroes of Warcraft,04:50:21
1551,Hearthstone: Heroes of Warcraft,04:50:21
1551,Hearthstone: Heroes of Warcraft,04:50:22
1551,Hearthstone: Heroes of Warcraft,04:50:23
1551,Hearthstone: Heroes of Warcraft,04:50:24
1551,Hearthstone: Heroes of Warcraft,04:50:25
1551,Hearthstone: Heroes of Warcraft,04:50:26
1551,Hearthstone: Heroes of Warcraft,04:50:27
1551,Hearthstone: Heroes of Warcraft,04:50:28
1551,Hearthstone: Heroes of Warcraft,04:50:28
1551,Hearthstone: Heroes of Warcraft,04:50:29
1551,Hearthstone: Heroes of Warcraft,04:50:30
1890,Hearthstone: Heroes of Warcraft,04:50:31
1890,Hearthstone: Heroes of Warcraft,04:50:32
1890,Hearthstone: Heroes of Warcraft,04:50:33
1890,Hearthstone: Heroes of Warcraft,04:50:34
1890,Hearthstone: Heroes of Warcraft,04:50:35
1890,Hearthstone: Heroes of Warcraft,04:50:36
1890,Hearthstone: Heroes of Warcraft,04:50:36
1890,Hearthstone: Heroes of Warcraft,04:50:37
1890,Hearthstone: Heroes of Warcraft,04:50:38
1890,Hearthstone: Heroes of Warcraft,04:50:39
1890,Hearthstone: Heroes of Warcraft,04:50:40
1890,Hearthstone: Heroes of Warcraft,04:50:41
1890,Hearthstone: Heroes of Warcraft,04:50:42
1890,Hearthstone: Heroes of Warcraft,04:50:42
1890,Hearthstone: Heroes of Warcraft,04:50:43
1890,Hearthstone: Heroes of Warcraft,04:50:44
1890,Hearthstone: Heroes of Warcraft,04:50:45
1890,Hearthstone: Heroes of Warcraft,04:50:46
1890,Hearthstone: Heroes of Warcraft,04:50:47
1890,Hearthstone: Heroes of Warcraft,04:50:48
1890,Hearthstone: Heroes of Warcraft,04:50:49
1890,Hearthstone: Heroes of Warcraft,04:50:49
1890,Hearthstone: Heroes of Warcraft,04:50:50
1890,Hearthstone: Heroes of Warcraft,04:50:51
1890,Hearthstone: Heroes of Warcraft,04:50:52
1890,Hearthstone: Heroes of Warcraft,04:50:53
1890,Hearthstone: Heroes of Warcraft,04:50:54
1890,Hearthstone: Heroes of Warcraft,04:50:55
1890,Hearthstone: Heroes of Warcraft,04:50:55
1890,Hearthstone: Heroes of Warcraft,04:50:56
1890,Hearthstone: Heroes of Warcraft,04:50:58
1890,Hearthstone: Heroes of Warcraft,04:50:58
1890,Hearthstone: Heroes of Warcraft,04:50:59
1890,Hearthstone: Heroes of Warcraft,04:51:00
1890,Hearthstone: Heroes of Warcraft,04:51:01
1890,Hearthstone: Heroes of Warcraft,04:51:02
1890,Hearthstone: Heroes of Warcraft,04:51:03
1890,Hearthstone: Heroes of Warcraft,04:51:04
1890,Hearthstone: Heroes of Warcraft,04:51:05
1890,Hearthstone: Heroes of Warcraft,04:51:05
1890,Hearthstone: Heroes of Warcraft,04:51:06
1890,Hearthstone: Heroes of Warcraft,04:51:07
1890,Hearthstone: Heroes of Warcraft,04:51:08
1890,Hearthstone: Heroes of Warcraft,04:51:09
1890,Hearthstone: Heroes of Warcraft,04:51:10
1890,Hearthstone: Heroes of Warcraft,04:51:11
1890,Hearthstone: Heroes of Warcraft,04:51:12
1890,Hearthstone: Heroes of Warcraft,04:51:12
1890,Hearthstone: Heroes of Warcraft,04:51:13
1890,Hearthstone: Heroes of Warcraft,04:51:14
1890,Hearthstone: Heroes of Warcraft,04:51:15
1890,Hearthstone: Heroes of Warcraft,04:51:16
1890,Hearthstone: Heroes of Warcraft,04:51:17
1890,Hearthstone: Heroes of Warcraft,04:51:18
1890,Hearthstone: Heroes of Warcraft,04:51:19
1890,Hearthstone: Heroes of Warcraft,04:51:19
1890,Hearthstone: Heroes of Warcraft,04:51:20
1890,Hearthstone: Heroes of Warcraft,04:51:21
1890,Hearthstone: Heroes of Warcraft,04:51:22
1890,Hearthstone: Heroes of Warcraft,04:51:23
1890,Hearthstone: Heroes of Warcraft,04:51:24
1890,Hearthstone: Heroes of Warcraft,04:51:25
1890,Hearthstone: Heroes of Warcraft,04:51:26
1890,Hearthstone: Heroes of Warcraft,04:51:26
1890,Hearthstone: Heroes of Warcraft,04:51:27
1890,Hearthstone: Heroes of Warcraft,04:51:28
1890,Hearthstone: Heroes of Warcraft,04:51:29
1890,Hearthstone: Heroes of Warcraft,04:51:30
1890,Hearthstone: Heroes of Warcraft,04:51:31
1890,Hearthstone: Heroes of Warcraft,04:51:32
1890,Hearthstone: Heroes of Warcraft,04:51:33
1890,Hearthstone: Heroes of Warcraft,04:51:33
1890,Hearthstone: Heroes of Warcraft,04:51:34
1890,Hearthstone: Heroes of Warcraft,04:51:35
1890,Hearthstone: Heroes of Warcraft,04:51:36
1890,Hearthstone: Heroes of Warcraft,04:51:37
1890,Hearthstone: Heroes of Warcraft,04:51:38
1890,Hearthstone: Heroes of Warcraft,04:51:39
1890,Hearthstone: Heroes of Warcraft,04:51:40
1890,Hearthstone: Heroes of Warcraft,04:51:40
1890,Hearthstone: Heroes of Warcraft,04:51:41
1890,Hearthstone: Heroes of Warcraft,04:51:42
1890,Hearthstone: Heroes of Warcraft,04:51:43
1890,Hearthstone: Heroes of Warcraft,04:51:44
2119,Hearthstone: Heroes of Warcraft,04:51:45
2119,Hearthstone: Heroes of Warcraft,04:51:46
2119,Hearthstone: Heroes of Warcraft,04:51:47
2119,Hearthstone: Heroes of Warcraft,04:51:48
2119,Hearthstone: Heroes of Warcraft,04:51:48
2119,Hearthstone: Heroes of Warcraft,04:51:49
2119,Hearthstone: Heroes of Warcraft,04:51:50
2119,Hearthstone: Heroes of Warcraft,04:51:51
2119,Hearthstone: Heroes of Warcraft,04:51:52
2119,Hearthstone: Heroes of Warcraft,04:51:53
2119,Hearthstone: Heroes of Warcraft,04:51:54
2119,Hearthstone: Heroes of Warcraft,04:51:55
2119,Hearthstone: Heroes of Warcraft,04:51:56
2119,Hearthstone: Heroes of Warcraft,04:51:57
2119,Hearthstone: Heroes of Warcraft,04:51:58
2119,Hearthstone: Heroes of Warcraft,04:51:59
2119,Hearthstone: Heroes of Warcraft,04:51:59
2119,Hearthstone: Heroes of Warcraft,04:52:00
2119,Hearthstone: Heroes of Warcraft,04:52:01
2119,Hearthstone: Heroes of Warcraft,04:52:02
2119,Hearthstone: Heroes of Warcraft,04:52:03
2119,Hearthstone: Heroes of Warcraft,04:52:04
2119,Hearthstone: Heroes of Warcraft,04:52:05
2119,Hearthstone: Heroes of Warcraft,04:52:05
2119,Hearthstone: Heroes of Warcraft,04:52:06
2119,Hearthstone: Heroes of Warcraft,04:52:07
2119,Hearthstone: Heroes of Warcraft,04:52:08
2119,Hearthstone: Heroes of Warcraft,04:52:09
2119,Hearthstone: Heroes of Warcraft,04:52:10
2119,Hearthstone: Heroes of Warcraft,04:52:11
2119,Hearthstone: Heroes of Warcraft,04:52:12
2119,Hearthstone: Heroes of Warcraft,04:52:12
2119,Hearthstone: Heroes of Warcraft,04:52:13
2119,Hearthstone: Heroes of Warcraft,04:52:14
2119,Hearthstone: Heroes of Warcraft,04:52:15
2119,Hearthstone: Heroes of Warcraft,04:52:16
2119,Hearthstone: Heroes of Warcraft,04:52:17
2119,Hearthstone: Heroes of Warcraft,04:52:18
2119,Hearthstone: Heroes of Warcraft,04:52:19
2119,Hearthstone: Heroes of Warcraft,04:52:19
2119,Hearthstone: Heroes of Warcraft,04:52:20
2119,Hearthstone: Heroes of Warcraft,04:52:21
2119,Hearthstone: Heroes of Warcraft,04:52:22
2119,Hearthstone: Heroes of Warcraft,04:52:23
2119,Hearthstone: Heroes of Warcraft,04:52:24
2119,Hearthstone: Heroes of Warcraft,04:52:25
2119,Hearthstone: Heroes of Warcraft,04:52:26
2119,Hearthstone: Heroes of Warcraft,04:52:26
2274,Hearthstone: Heroes of Warcraft,04:52:27
2274,Hearthstone: Heroes of Warcraft,04:52:28
2274,Hearthstone: Heroes of Warcraft,04:52:29
2274,Hearthstone: Heroes of Warcraft,04:52:30
2274,Hearthstone: Heroes of Warcraft,04:52:31
2274,Hearthstone: Heroes of Warcraft,04:52:32
2274,Hearthstone: Heroes of Warcraft,04:52:32
2274,Hearthstone: Heroes of Warcraft,04:52:33
2274,Hearthstone: Heroes of Warcraft,04:52:34
2274,Hearthstone: Heroes of Warcraft,04:52:35
2274,Hearthstone: Heroes of Warcraft,04:52:36
2274,Hearthstone: Heroes of Warcraft,04:52:37
2274,Hearthstone: Heroes of Warcraft,04:52:38
2274,Hearthstone: Heroes of Warcraft,04:52:39
2274,Hearthstone: Heroes of Warcraft,04:52:39
2274,Hearthstone: Heroes of Warcraft,04:52:40
2274,Hearthstone: Heroes of Warcraft,04:52:41
2274,Hearthstone: Heroes of Warcraft,04:52:42
2274,Hearthstone: Heroes of Warcraft,04:52:43
2274,Hearthstone: Heroes of Warcraft,04:52:44
2274,Hearthstone: Heroes of Warcraft,04:52:45
2274,Hearthstone: Heroes of Warcraft,04:52:46
2274,Hearthstone: Heroes of Warcraft,04:52:47
2274,Hearthstone: Heroes of Warcraft,04:52:47
2274,Hearthstone: Heroes of Warcraft,04:52:48
2274,Hearthstone: Heroes of Warcraft,04:52:49
2274,Hearthstone: Heroes of Warcraft,04:52:50
2274,Hearthstone: Heroes of Warcraft,04:52:51
2274,Hearthstone: Heroes of Warcraft,04:52:52
2274,Hearthstone: Heroes of Warcraft,04:52:53
2274,Hearthstone: Heroes of Warcraft,04:52:54
2274,Hearthstone: Heroes of Warcraft,04:52:54
2274,Hearthstone: Heroes of Warcraft,04:52:55
2274,Hearthstone: Heroes of Warcraft,04:52:56
2274,Hearthstone: Heroes of Warcraft,04:52:57
2274,Hearthstone: Heroes of Warcraft,04:52:58
2274,Hearthstone: Heroes of Warcraft,04:52:59
2274,Hearthstone: Heroes of Warcraft,04:53:00
2274,Hearthstone: Heroes of Warcraft,04:53:01
2274,Hearthstone: Heroes of Warcraft,04:53:01
2274,Hearthstone: Heroes of Warcraft,04:53:02
2274,Hearthstone: Heroes of Warcraft,04:53:03
2274,Hearthstone: Heroes of Warcraft,04:53:04
2274,Hearthstone: Heroes of Warcraft,04:53:05
2274,Hearthstone: Heroes of Warcraft,04:53:06
2274,Hearthstone: Heroes of Warcraft,04:53:07
2274,Hearthstone: Heroes of Warcraft,04:53:08
2274,Hearthstone: Heroes of Warcraft,04:53:08
2274,Hearthstone: Heroes of Warcraft,04:53:09
2274,Hearthstone: Heroes of Warcraft,04:53:10
2274,Hearthstone: Heroes of Warcraft,04:53:11
2274,Hearthstone: Heroes of Warcraft,04:53:12
2274,Hearthstone: Heroes of Warcraft,04:53:13
2274,Hearthstone: Heroes of Warcraft,04:53:14
2501,Hearthstone: Heroes of Warcraft,04:53:15
2501,Hearthstone: Heroes of Warcraft,04:53:15
2501,Hearthstone: Heroes of Warcraft,04:53:16
2501,Hearthstone: Heroes of Warcraft,04:53:17
2501,Hearthstone: Heroes of Warcraft,04:53:18
2501,Hearthstone: Heroes of Warcraft,04:53:19
2501,Hearthstone: Heroes of Warcraft,04:53:20
2501,Hearthstone: Heroes of Warcraft,04:53:21
2501,Hearthstone: Heroes of Warcraft,04:53:22
2501,Hearthstone: Heroes of Warcraft,04:53:22
2501,Hearthstone: Heroes of Warcraft,04:53:23
2501,Hearthstone: Heroes of Warcraft,04:53:24
2501,Hearthstone: Heroes of Warcraft,04:53:25
2501,Hearthstone: Heroes of Warcraft,04:53:26
2501,Hearthstone: Heroes of Warcraft,04:53:27
2501,Hearthstone: Heroes of Warcraft,04:53:28
2501,Hearthstone: Heroes of Warcraft,04:53:28
2501,Hearthstone: Heroes of Warcraft,04:53:29
2501,Hearthstone: Heroes of Warcraft,04:53:30
2501,Hearthstone: Heroes of Warcraft,04:53:31
2501,Hearthstone: Heroes of Warcraft,04:53:32
2501,Hearthstone: Heroes of Warcraft,04:53:33
2501,Hearthstone: Heroes of Warcraft,04:53:34
2501,Hearthstone: Heroes of Warcraft,04:53:35
2501,Hearthstone: Heroes of Warcraft,04:53:36
2501,Hearthstone: Heroes of Warcraft,04:53:36
2501,Hearthstone: Heroes of Warcraft,04:53:37
2501,Hearthstone: Heroes of Warcraft,04:53:38
2501,Hearthstone: Heroes of Warcraft,04:53:39
2501,Hearthstone: Heroes of Warcraft,04:53:40
2501,Hearthstone: Heroes of Warcraft,04:53:41
2501,Hearthstone: Heroes of Warcraft,04:53:42
2501,Hearthstone: Heroes of Warcraft,04:53:43
2501,Hearthstone: Heroes of Warcraft,04:53:43
2501,Hearthstone: Heroes of Warcraft,04:53:44
2501,Hearthstone: Heroes of Warcraft,04:53:45
2501,Hearthstone: Heroes of Warcraft,04:53:46
2501,Hearthstone: Heroes of Warcraft,04:53:47
2501,Hearthstone: Heroes of Warcraft,04:53:48
2501,Hearthstone: Heroes of Warcraft,04:53:49
2501,Hearthstone: Heroes of Warcraft,04:53:50
2501,Hearthstone: Heroes of Warcraft,04:53:50
2501,Hearthstone: Heroes of Warcraft,04:53:51
2501,Hearthstone: Heroes of Warcraft,04:53:52
2501,Hearthstone: Heroes of Warcraft,04:53:53
2501,Hearthstone: Heroes of Warcraft,04:53:54
2501,Hearthstone: Heroes of Warcraft,04:53:55
2501,Hearthstone: Heroes of Warcraft,04:53:56
2501,Hearthstone: Heroes of Warcraft,04:53:57
2501,Hearthstone: Heroes of Warcraft,04:53:58
2501,Hearthstone: Heroes of Warcraft,04:53:58
2501,Hearthstone: Heroes of Warcraft,04:53:59
2501,Hearthstone: Heroes of Warcraft,04:54:00
2501,Hearthstone: Heroes of Warcraft,04:54:01
2791,Hearthstone: Heroes of Warcraft,04:54:02
2791,Hearthstone: Heroes of Warcraft,04:54:03
2791,Hearthstone: Heroes of Warcraft,04:54:04
2791,Hearthstone: Heroes of Warcraft,04:54:05
2791,Hearthstone: Heroes of Warcraft,04:54:05
2791,Hearthstone: Heroes of Warcraft,04:54:06
2791,Hearthstone: Heroes of Warcraft,04:54:07
2791,Hearthstone: Heroes of Warcraft,04:54:08
2791,Hearthstone: Heroes of Warcraft,04:54:09
2791,Hearthstone: Heroes of Warcraft,04:54:10
2791,Hearthstone: Heroes of Warcraft,04:54:11
2791,Hearthstone: Heroes of Warcraft,04:54:12
2791,Hearthstone: Heroes of Warcraft,04:54:13
2791,Hearthstone: Heroes of Warcraft,04:54:13
2791,Hearthstone: Heroes of Warcraft,04:54:14
2791,Hearthstone: Heroes of Warcraft,04:54:15
2791,Hearthstone: Heroes of Warcraft,04:54:16
2791,Hearthstone: Heroes of Warcraft,04:54:17
2791,Hearthstone: Heroes of Warcraft,04:54:18
2791,Hearthstone: Heroes of Warcraft,04:54:19
2791,Hearthstone: Heroes of Warcraft,04:54:20
2791,Hearthstone: Heroes of Warcraft,04:54:20
2791,Hearthstone: Heroes of Warcraft,04:54:21
2791,Hearthstone: Heroes of Warcraft,04:54:22
2791,Hearthstone: Heroes of Warcraft,04:54:23
2791,Hearthstone: Heroes of Warcraft,04:54:24
2791,Hearthstone: Heroes of Warcraft,04:54:25
2791,Hearthstone: Heroes of Warcraft,04:54:26
2791,Hearthstone: Heroes of Warcraft,04:54:27
2791,Hearthstone: Heroes of Warcraft,04:54:27
2791,Hearthstone: Heroes of Warcraft,04:54:29
2791,Hearthstone: Heroes of Warcraft,04:54:29
2791,Hearthstone: Heroes of Warcraft,04:54:30
2791,Hearthstone: Heroes of Warcraft,04:54:31
2791,Hearthstone: Heroes of Warcraft,04:54:32
2791,Hearthstone: Heroes of Warcraft,04:54:33
2791,Hearthstone: Heroes of Warcraft,04:54:34
2791,Hearthstone: Heroes of Warcraft,04:54:35
2791,Hearthstone: Heroes of Warcraft,04:54:36
2791,Hearthstone: Heroes of Warcraft,04:54:37
2791,Hearthstone: Heroes of Warcraft,04:54:37
2791,Hearthstone: Heroes of Warcraft,04:54:38
2791,Hearthstone: Heroes of Warcraft,04:54:39
2791,Hearthstone: Heroes of Warcraft,04:54:40
2791,Hearthstone: Heroes of Warcraft,04:54:41
2791,Hearthstone: Heroes of Warcraft,04:54:42
2791,Hearthstone: Heroes of Warcraft,04:54:43
2791,Hearthstone: Heroes of Warcraft,04:54:44
2908,Hearthstone: Heroes of Warcraft,04:54:44
2908,Hearthstone: Heroes of Warcraft,04:54:45
2908,Hearthstone: Heroes of Warcraft,04:54:46
2908,Hearthstone: Heroes of Warcraft,04:54:47
2908,Hearthstone: Heroes of Warcraft,04:54:48
2908,Hearthstone: Heroes of Warcraft,04:54:49
2908,Hearthstone: Heroes of Warcraft,04:54:50
2908,Hearthstone: Heroes of Warcraft,04:54:51
2908,Hearthstone: Heroes of Warcraft,04:54:51
2908,Hearthstone: Heroes of Warcraft,04:54:52
2908,Hearthstone: Heroes of Warcraft,04:54:53
2908,Hearthstone: Heroes of Warcraft,04:54:54
2908,Hearthstone: Heroes of Warcraft,04:54:55
2908,Hearthstone: Heroes of Warcraft,04:54:56
2908,Hearthstone: Heroes of Warcraft,04:54:57
2908,Hearthstone: Heroes of Warcraft,04:54:57
2908,Hearthstone: Heroes of Warcraft,04:54:58
2908,Hearthstone: Heroes of Warcraft,04:54:59
2908,Hearthstone: Heroes of Warcraft,04:55:00
2908,Hearthstone: Heroes of Warcraft,04:55:01
2908,Hearthstone: Heroes of Warcraft,04:55:02
2908,Hearthstone: Heroes of Warcraft,04:55:03
2908,Hearthstone: Heroes of Warcraft,04:55:04
2908,Hearthstone: Heroes of Warcraft,04:55:05
2908,Hearthstone: Heroes of Warcraft,04:55:06
2908,Hearthstone: Heroes of Warcraft,04:55:07
2908,Hearthstone: Heroes of Warcraft,04:55:07
2908,Hearthstone: Heroes of Warcraft,04:55:08
2908,Hearthstone: Heroes of Warcraft,04:55:09
2908,Hearthstone: Heroes of Warcraft,04:55:10
2908,Hearthstone: Heroes of Warcraft,04:55:11
2908,Hearthstone: Heroes of Warcraft,04:55:12
2908,Hearthstone: Heroes of Warcraft,04:55:13
2908,Hearthstone: Heroes of Warcraft,04:55:13
2908,Hearthstone: Heroes of Warcraft,04:55:14
2908,Hearthstone: Heroes of Warcraft,04:55:15
2908,Hearthstone: Heroes of Warcraft,04:55:16
2908,Hearthstone: Heroes of Warcraft,04:55:17
2908,Hearthstone: Heroes of Warcraft,04:55:18
2908,Hearthstone: Heroes of Warcraft,04:55:19
2908,Hearthstone: Heroes of Warcraft,04:55:20
2908,Hearthstone: Heroes of Warcraft,04:55:20
2908,Hearthstone: Heroes of Warcraft,04:55:21
2908,Hearthstone: Heroes of Warcraft,04:55:22
2908,Hearthstone: Heroes of Warcraft,04:55:23
2908,Hearthstone: Heroes of Warcraft,04:55:24
2908,Hearthstone: Heroes of Warcraft,04:55:25
2908,Hearthstone: Heroes of Warcraft,04:55:26
2908,Hearthstone: Heroes of Warcraft,04:55:27
2908,Hearthstone: Heroes of Warcraft,04:55:28
2908,Hearthstone: Heroes of Warcraft,04:55:28
2908,Hearthstone: Heroes of Warcraft,04:55:29
2908,Hearthstone: Heroes of Warcraft,04:55:30
2908,Hearthstone: Heroes of Warcraft,04:55:31
3127,Hearthstone: Heroes of Warcraft,04:55:32
3127,Hearthstone: Heroes of Warcraft,04:55:33
3127,Hearthstone: Heroes of Warcraft,04:55:34
3127,Hearthstone: Heroes of Warcraft,04:55:35
3127,Hearthstone: Heroes of Warcraft,04:55:36
3127,Hearthstone: Heroes of Warcraft,04:55:37
3127,Hearthstone: Heroes of Warcraft,04:55:38
3127,Hearthstone: Heroes of Warcraft,04:55:38
3127,Hearthstone: Heroes of Warcraft,04:55:39
3127,Hearthstone: Heroes of Warcraft,04:55:40
3127,Hearthstone: Heroes of Warcraft,04:55:41
3127,Hearthstone: Heroes of Warcraft,04:55:42
3127,Hearthstone: Heroes of Warcraft,04:55:43
3127,Hearthstone: Heroes of Warcraft,04:55:44
3127,Hearthstone: Heroes of Warcraft,04:55:45
3127,Hearthstone: Heroes of Warcraft,04:55:46
3127,Hearthstone: Heroes of Warcraft,04:55:47
3127,Hearthstone: Heroes of Warcraft,04:55:47
3127,Hearthstone: Heroes of Warcraft,04:55:48
3127,Hearthstone: Heroes of Warcraft,04:55:49
3127,Hearthstone: Heroes of Warcraft,04:55:50
3127,Hearthstone: Heroes of Warcraft,04:55:51
3127,Hearthstone: Heroes of Warcraft,04:55:52
3127,Hearthstone: Heroes of Warcraft,04:55:53
3127,Hearthstone: Heroes of Warcraft,04:55:54
3127,Hearthstone: Heroes of Warcraft,04:55:55
3127,Hearthstone: Heroes of Warcraft,04:55:55
3127,Hearthstone: Heroes of Warcraft,04:55:56
3127,Hearthstone: Heroes of Warcraft,04:55:57
3127,Hearthstone: Heroes of Warcraft,04:55:58
3373,Hearthstone: Heroes of Warcraft,04:55:59
3373,Hearthstone: Heroes of Warcraft,04:56:00
3373,Hearthstone: Heroes of Warcraft,04:56:01
3373,Hearthstone: Heroes of Warcraft,04:56:01
3373,Hearthstone: Heroes of Warcraft,04:56:02
3373,Hearthstone: Heroes of Warcraft,04:56:03
3373,Hearthstone: Heroes of Warcraft,04:56:04
3373,Hearthstone: Heroes of Warcraft,04:56:05
3373,Hearthstone: Heroes of Warcraft,04:56:06
3373,Hearthstone: Heroes of Warcraft,04:56:07
3373,Hearthstone: Heroes of Warcraft,04:56:08
3373,Hearthstone: Heroes of Warcraft,04:56:08
3373,Hearthstone: Heroes of Warcraft,04:56:09
3373,Hearthstone: Heroes of Warcraft,04:56:10
3373,Hearthstone: Heroes of Warcraft,04:56:11
3373,Hearthstone: Heroes of Warcraft,04:56:12
3373,Hearthstone: Heroes of Warcraft,04:56:13
3373,Hearthstone: Heroes of Warcraft,04:56:14
3373,Hearthstone: Heroes of Warcraft,04:56:15
3373,Hearthstone: Heroes of Warcraft,04:56:15
3373,Hearthstone: Heroes of Warcraft,04:56:16
3373,Hearthstone: Heroes of Warcraft,04:56:17
3373,Hearthstone: Heroes of Warcraft,04:56:18
3373,Hearthstone: Heroes of Warcraft,04:56:19
3373,Hearthstone: Heroes of Warcraft,04:56:20
3373,Hearthstone: Heroes of Warcraft,04:56:21
3373,Hearthstone: Heroes of Warcraft,04:56:22
3373,Hearthstone: Heroes of Warcraft,04:56:22
3373,Hearthstone: Heroes of Warcraft,04:56:23
3373,Hearthstone: Heroes of Warcraft,04:56:24
3373,Hearthstone: Heroes of Warcraft,04:56:25
3373,Hearthstone: Heroes of Warcraft,04:56:26
3373,Hearthstone: Heroes of Warcraft,04:56:27
3373,Hearthstone: Heroes of Warcraft,04:56:28
3373,Hearthstone: Heroes of Warcraft,04:56:29
3373,Hearthstone: Heroes of Warcraft,04:56:29
3373,Hearthstone: Heroes of Warcraft,04:56:31
3373,Hearthstone: Heroes of Warcraft,04:56:32
3373,Hearthstone: Heroes of Warcraft,04:56:32
3373,Hearthstone: Heroes of Warcraft,04:56:33
3373,Hearthstone: Heroes of Warcraft,04:56:34
3373,Hearthstone: Heroes of Warcraft,04:56:35
3373,Hearthstone: Heroes of Warcraft,04:56:36
3373,Hearthstone: Heroes of Warcraft,04:56:37
3373,Hearthstone: Heroes of Warcraft,04:56:38
3373,Hearthstone: Heroes of Warcraft,04:56:38
3373,Hearthstone: Heroes of Warcraft,04:56:39
3373,Hearthstone: Heroes of Warcraft,04:56:40
3373,Hearthstone: Heroes of Warcraft,04:56:41
3373,Hearthstone: Heroes of Warcraft,04:56:42
3373,Hearthstone: Heroes of Warcraft,04:56:43
3373,Hearthstone: Heroes of Warcraft,04:56:44
3373,Hearthstone: Heroes of Warcraft,04:56:45
3373,Hearthstone: Heroes of Warcraft,04:56:45
3470,Hearthstone: Heroes of Warcraft,04:56:46
3470,Hearthstone: Heroes of Warcraft,04:56:47
3470,Hearthstone: Heroes of Warcraft,04:56:48
3470,Hearthstone: Heroes of Warcraft,04:56:49
3470,Hearthstone: Heroes of Warcraft,04:56:50
3470,Hearthstone: Heroes of Warcraft,04:56:51
3470,Hearthstone: Heroes of Warcraft,04:56:52
3470,Hearthstone: Heroes of Warcraft,04:56:52
3470,Hearthstone: Heroes of Warcraft,04:56:53
3470,Hearthstone: Heroes of Warcraft,04:56:54
3470,Hearthstone: Heroes of Warcraft,04:56:55
3470,Hearthstone: Heroes of Warcraft,04:56:56
3470,Hearthstone: Heroes of Warcraft,04:56:57
3470,Hearthstone: Heroes of Warcraft,04:56:58
3470,Hearthstone: Heroes of Warcraft,04:56:59
3470,Hearthstone: Heroes of Warcraft,04:57:00
3470,Hearthstone: Heroes of Warcraft,04:57:00
3470,Hearthstone: Heroes of Warcraft,04:57:01
3470,Hearthstone: Heroes of Warcraft,04:57:02
3470,Hearthstone: Heroes of Warcraft,04:57:03
3470,Hearthstone: Heroes of Warcraft,04:57:04
3470,Hearthstone: Heroes of Warcraft,04:57:05
3470,Hearthstone: Heroes of Warcraft,04:57:06
3470,Hearthstone: Heroes of Warcraft,04:57:07
3470,Hearthstone: Heroes of Warcraft,04:57:07
3470,Hearthstone: Heroes of Warcraft,04:57:08
3470,Hearthstone: Heroes of Warcraft,04:57:09
3470,Hearthstone: Heroes of Warcraft,04:57:10
3470,Hearthstone: Heroes of Warcraft,04:57:11
3470,Hearthstone: Heroes of Warcraft,04:57:12
3470,Hearthstone: Heroes of Warcraft,04:57:13
3470,Hearthstone: Heroes of Warcraft,04:57:14
3470,Hearthstone: Heroes of Warcraft,04:57:14
3470,Hearthstone: Heroes of Warcraft,04:57:15
3470,Hearthstone: Heroes of Warcraft,04:57:16
3470,Hearthstone: Heroes of Warcraft,04:57:17
3470,Hearthstone: Heroes of Warcraft,04:57:18
3470,Hearthstone: Heroes of Warcraft,04:57:19
3470,Hearthstone: Heroes of Warcraft,04:57:20
3470,Hearthstone: Heroes of Warcraft,04:57:20
3470,Hearthstone: Heroes of Warcraft,04:57:21
3470,Hearthstone: Heroes of Warcraft,04:57:22
3470,Hearthstone: Heroes of Warcraft,04:57:23
3470,Hearthstone: Heroes of Warcraft,04:57:24
3470,Hearthstone: Heroes of Warcraft,04:57:25
3470,Hearthstone: Heroes of Warcraft,04:57:26
3470,Hearthstone: Heroes of Warcraft,04:57:27
3470,Hearthstone: Heroes of Warcraft,04:57:27
3470,Hearthstone: Heroes of Warcraft,04:57:28
3470,Hearthstone: Heroes of Warcraft,04:57:29
3805,Hearthstone: Heroes of Warcraft,04:57:30
3805,Hearthstone: Heroes of Warcraft,04:57:31
3805,Hearthstone: Heroes of Warcraft,04:57:32
3805,Hearthstone: Heroes of Warcraft,04:57:33
3805,Hearthstone: Heroes of Warcraft,04:57:34
3805,Hearthstone: Heroes of Warcraft,04:57:34
3805,Hearthstone: Heroes of Warcraft,04:57:35
3805,Hearthstone: Heroes of Warcraft,04:57:36
3805,Hearthstone: Heroes of Warcraft,04:57:37
3805,Hearthstone: Heroes of Warcraft,04:57:38
3805,Hearthstone: Heroes of Warcraft,04:57:39
3805,Hearthstone: Heroes of Warcraft,04:57:40
3805,Hearthstone: Heroes of Warcraft,04:57:41
3805,Hearthstone: Heroes of Warcraft,04:57:41
3805,Hearthstone: Heroes of Warcraft,04:57:42
3805,Hearthstone: Heroes of Warcraft,04:57:43
3805,Hearthstone: Heroes of Warcraft,04:57:44
3805,Hearthstone: Heroes of Warcraft,04:57:45
3805,Hearthstone: Heroes of Warcraft,04:57:46
3805,Hearthstone: Heroes of Warcraft,04:57:47
3805,Hearthstone: Heroes of Warcraft,04:57:47
3805,Hearthstone: Heroes of Warcraft,04:57:48
3805,Hearthstone: Heroes of Warcraft,04:57:49
3805,Hearthstone: Heroes of Warcraft,04:57:50
3805,Hearthstone: Heroes of Warcraft,04:57:51
3805,Hearthstone: Heroes of Warcraft,04:57:52
3805,Hearthstone: Heroes of Warcraft,04:57:53
3805,Hearthstone: Heroes of Warcraft,04:57:54
3805,Hearthstone: Heroes of Warcraft,04:57:55
3805,Hearthstone: Heroes of Warcraft,04:57:55
3805,Hearthstone: Heroes of Warcraft,04:57:56
3805,Hearthstone: Heroes of Warcraft,04:57:57
3805,Hearthstone: Heroes of Warcraft,04:57:58
3805,Hearthstone: Heroes of Warcraft,04:57:59
3805,Hearthstone: Heroes of Warcraft,04:58:00
3805,Hearthstone: Heroes of Warcraft,04:58:01
3805,Hearthstone: Heroes of Warcraft,04:58:02
3805,Hearthstone: Heroes of Warcraft,04:58:02
3805,Hearthstone: Heroes of Warcraft,04:58:03
3805,Hearthstone: Heroes of Warcraft,04:58:04
3805,Hearthstone: Heroes of Warcraft,04:58:05
3805,Hearthstone: Heroes of Warcraft,04:58:06
3805,Hearthstone: Heroes of Warcraft,04:58:07
3805,Hearthstone: Heroes of Warcraft,04:58:08
3805,Hearthstone: Heroes of Warcraft,04:58:08
3805,Hearthstone: Heroes of Warcraft,04:58:09
3805,Hearthstone: Heroes of Warcraft,04:58:10
3805,Hearthstone: Heroes of Warcraft,04:58:11
3805,Hearthstone: Heroes of Warcraft,04:58:12
3805,Hearthstone: Heroes of Warcraft,04:58:13
3805,Hearthstone: Heroes of Warcraft,04:58:14
3805,Hearthstone: Heroes of Warcraft,04:58:15
3805,Hearthstone: Heroes of Warcraft,04:58:15
3805,Hearthstone: Heroes of Warcraft,04:58:16
4054,Hearthstone: Heroes of Warcraft,04:58:17
4054,Hearthstone: Heroes of Warcraft,04:58:18
4054,Hearthstone: Heroes of Warcraft,04:58:19
4054,Hearthstone: Heroes of Warcraft,04:58:20
4054,Hearthstone: Heroes of Warcraft,04:58:21
4054,Hearthstone: Heroes of Warcraft,04:58:22
4054,Hearthstone: Heroes of Warcraft,04:58:23
4054,Hearthstone: Heroes of Warcraft,04:58:23
4054,Hearthstone: Heroes of Warcraft,04:58:24
4054,Hearthstone: Heroes of Warcraft,04:58:25
4054,Hearthstone: Heroes of Warcraft,04:58:26
4054,Hearthstone: Heroes of Warcraft,04:58:27
4054,Hearthstone: Heroes of Warcraft,04:58:28
4054,Hearthstone: Heroes of Warcraft,04:58:29
4054,Hearthstone: Heroes of Warcraft,04:58:29
4054,Hearthstone: Heroes of Warcraft,04:58:30
4054,Hearthstone: Heroes of Warcraft,04:58:31
4054,Hearthstone: Heroes of Warcraft,04:58:32
3805,Hearthstone: Heroes of Warcraft,04:58:33
3805,Hearthstone: Heroes of Warcraft,04:58:34
3805,Hearthstone: Heroes of Warcraft,04:58:35
3805,Hearthstone: Heroes of Warcraft,04:58:36
3805,Hearthstone: Heroes of Warcraft,04:58:36
3805,Hearthstone: Heroes of Warcraft,04:58:37
3805,Hearthstone: Heroes of Warcraft,04:58:38
3805,Hearthstone: Heroes of Warcraft,04:58:39
3805,Hearthstone: Heroes of Warcraft,04:58:40
3805,Hearthstone: Heroes of Warcraft,04:58:41
3805,Hearthstone: Heroes of Warcraft,04:58:42
3805,Hearthstone: Heroes of Warcraft,04:58:43
4054,Hearthstone: Heroes of Warcraft,04:58:44
4054,Hearthstone: Heroes of Warcraft,04:58:44
4054,Hearthstone: Heroes of Warcraft,04:58:45
4054,Hearthstone: Heroes of Warcraft,04:58:46
4054,Hearthstone: Heroes of Warcraft,04:58:47
4054,Hearthstone: Heroes of Warcraft,04:58:48
4054,Hearthstone: Heroes of Warcraft,04:58:49
4054,Hearthstone: Heroes of Warcraft,04:58:50
4054,Hearthstone: Heroes of Warcraft,04:58:51
4054,Hearthstone: Heroes of Warcraft,04:58:51
4054,Hearthstone: Heroes of Warcraft,04:58:52
4054,Hearthstone: Heroes of Warcraft,04:58:53
4054,Hearthstone: Heroes of Warcraft,04:58:54
4054,Hearthstone: Heroes of Warcraft,04:58:55
4054,Hearthstone: Heroes of Warcraft,04:58:56
4054,Hearthstone: Heroes of Warcraft,04:58:57
4054,Hearthstone: Heroes of Warcraft,04:58:58
4054,Hearthstone: Heroes of Warcraft,04:58:59
4551,Hearthstone: Heroes of Warcraft,04:59:00
4551,Hearthstone: Heroes of Warcraft,04:59:00
4551,Hearthstone: Heroes of Warcraft,04:59:01
4551,Hearthstone: Heroes of Warcraft,04:59:02
4551,Hearthstone: Heroes of Warcraft,04:59:03
4551,Hearthstone: Heroes of Warcraft,04:59:04
4551,Hearthstone: Heroes of Warcraft,04:59:05
4551,Hearthstone: Heroes of Warcraft,04:59:06
4551,Hearthstone: Heroes of Warcraft,04:59:06
4551,Hearthstone: Heroes of Warcraft,04:59:07
4551,Hearthstone: Heroes of Warcraft,04:59:08
4551,Hearthstone: Heroes of Warcraft,04:59:09
4551,Hearthstone: Heroes of Warcraft,04:59:10
4551,Hearthstone: Heroes of Warcraft,04:59:11
4551,Hearthstone: Heroes of Warcraft,04:59:12
4551,Hearthstone: Heroes of Warcraft,04:59:13
4551,Hearthstone: Heroes of Warcraft,04:59:13
4551,Hearthstone: Heroes of Warcraft,04:59:14
4551,Hearthstone: Heroes of Warcraft,04:59:15
4551,Hearthstone: Heroes of Warcraft,04:59:16
4551,Hearthstone: Heroes of Warcraft,04:59:17
4551,Hearthstone: Heroes of Warcraft,04:59:18
4551,Hearthstone: Heroes of Warcraft,04:59:19
4551,Hearthstone: Heroes of Warcraft,04:59:20
4551,Hearthstone: Heroes of Warcraft,04:59:20
4551,Hearthstone: Heroes of Warcraft,04:59:21
4551,Hearthstone: Heroes of Warcraft,04:59:22
4551,Hearthstone: Heroes of Warcraft,04:59:23
4551,Hearthstone: Heroes of Warcraft,04:59:24
4551,Hearthstone: Heroes of Warcraft,04:59:25
4551,Hearthstone: Heroes of Warcraft,04:59:26
4551,Hearthstone: Heroes of Warcraft,04:59:27
4551,Hearthstone: Heroes of Warcraft,04:59:27
4551,Hearthstone: Heroes of Warcraft,04:59:28
4551,Hearthstone: Heroes of Warcraft,04:59:29
4551,Hearthstone: Heroes of Warcraft,04:59:30
4551,Hearthstone: Heroes of Warcraft,04:59:31
4551,Hearthstone: Heroes of Warcraft,04:59:32
4551,Hearthstone: Heroes of Warcraft,04:59:33
4551,Hearthstone: Heroes of Warcraft,04:59:33
4551,Hearthstone: Heroes of Warcraft,04:59:34
4551,Hearthstone: Heroes of Warcraft,04:59:35
4551,Hearthstone: Heroes of Warcraft,04:59:36
4551,Hearthstone: Heroes of Warcraft,04:59:37
4551,Hearthstone: Heroes of Warcraft,04:59:38
4551,Hearthstone: Heroes of Warcraft,04:59:39
4551,Hearthstone: Heroes of Warcraft,04:59:40
4551,Hearthstone: Heroes of Warcraft,04:59:40
4551,Hearthstone: Heroes of Warcraft,04:59:41
4551,Hearthstone: Heroes of Warcraft,04:59:42
4551,Hearthstone: Heroes of Warcraft,04:59:43
4551,Hearthstone: Heroes of Warcraft,04:59:44
4551,Hearthstone: Heroes of Warcraft,04:59:45
4551,Hearthstone: Heroes of Warcraft,04:59:46
4733,Hearthstone: Heroes of Warcraft,04:59:47
4733,Hearthstone: Heroes of Warcraft,04:59:47
4733,Hearthstone: Heroes of Warcraft,04:59:48
4733,Hearthstone: Heroes of Warcraft,04:59:49
4733,Hearthstone: Heroes of Warcraft,04:59:50
4733,Hearthstone: Heroes of Warcraft,04:59:51
4733,Hearthstone: Heroes of Warcraft,04:59:52
4733,Hearthstone: Heroes of Warcraft,04:59:53
4733,Hearthstone: Heroes of Warcraft,04:59:54
4733,Hearthstone: Heroes of Warcraft,04:59:55
4733,Hearthstone: Heroes of Warcraft,04:59:56
4733,Hearthstone: Heroes of Warcraft,04:59:56
4733,Hearthstone: Heroes of Warcraft,04:59:57
4733,Hearthstone: Heroes of Warcraft,04:59:58
4733,Hearthstone: Heroes of Warcraft,04:59:59
4733,Hearthstone: Heroes of Warcraft,05:00:00
4733,Hearthstone: Heroes of Warcraft,05:00:01
4733,Hearthstone: Heroes of Warcraft,05:00:02
4733,Hearthstone: Heroes of Warcraft,05:00:03
4733,Hearthstone: Heroes of Warcraft,05:00:03
4733,Hearthstone: Heroes of Warcraft,05:00:04
4733,Hearthstone: Heroes of Warcraft,05:00:05
4733,Hearthstone: Heroes of Warcraft,05:00:06
4733,Hearthstone: Heroes of Warcraft,05:00:07
4733,Hearthstone: Heroes of Warcraft,05:00:08
4733,Hearthstone: Heroes of Warcraft,05:00:09
4733,Hearthstone: Heroes of Warcraft,05:00:09
4733,Hearthstone: Heroes of Warcraft,05:00:10
4733,Hearthstone: Heroes of Warcraft,05:00:11
4733,Hearthstone: Heroes of Warcraft,05:00:12
4733,Hearthstone: Heroes of Warcraft,05:00:13
4733,Hearthstone: Heroes of Warcraft,05:00:14
4733,Hearthstone: Heroes of Warcraft,05:00:15
4733,Hearthstone: Heroes of Warcraft,05:00:16
4733,Hearthstone: Heroes of Warcraft,05:00:16
4733,Hearthstone: Heroes of Warcraft,05:00:17
4733,Hearthstone: Heroes of Warcraft,05:00:18
4733,Hearthstone: Heroes of Warcraft,05:00:19
4733,Hearthstone: Heroes of Warcraft,05:00:20
4733,Hearthstone: Heroes of Warcraft,05:00:21
4733,Hearthstone: Heroes of Warcraft,05:00:22
4733,Hearthstone: Heroes of Warcraft,05:00:23
