2151,League of Legends,00:25:19
2151,League of Legends,00:25:20
2151,League of Legends,00:25:20
2151,League of Legends,00:25:21
2151,League of Legends,00:25:22
2151,League of Legends,00:25:23
2151,League of Legends,00:25:24
2151,League of Legends,00:25:25
2151,League of Legends,00:25:26
2151,League of Legends,00:25:27
2151,League of Legends,00:25:28
2151,League of Legends,00:25:28
2151,League of Legends,00:25:29
2151,League of Legends,00:25:30
2151,League of Legends,00:25:31
2151,League of Legends,00:25:32
2151,League of Legends,00:25:33
2151,League of Legends,00:25:34
2177,League of Legends,00:25:35
2177,League of Legends,00:25:35
2177,League of Legends,00:25:36
2177,League of Legends,00:25:37
2177,League of Legends,00:25:38
2177,League of Legends,00:25:39
2177,League of Legends,00:25:40
2177,League of Legends,00:25:41
2177,League of Legends,00:25:42
2177,League of Legends,00:25:42
2177,League of Legends,00:25:43
2177,League of Legends,00:25:44
2177,League of Legends,00:25:45
2177,League of Legends,00:25:46
2177,League of Legends,00:25:47
2177,League of Legends,00:25:48
2177,League of Legends,00:25:49
2177,League of Legends,00:25:49
2177,League of Legends,00:25:50
2177,League of Legends,00:25:51
2177,League of Legends,00:25:52
2177,League of Legends,00:25:53
2177,League of Legends,00:25:54
2177,League of Legends,00:25:55
2177,League of Legends,00:25:56
2177,League of Legends,00:25:57
2177,League of Legends,00:25:57
2177,League of Legends,00:25:58
2177,League of Legends,00:25:59
2177,League of Legends,00:26:00
2177,League of Legends,00:26:01
2177,League of Legends,00:26:02
2177,League of Legends,00:26:03
2177,League of Legends,00:26:04
2177,League of Legends,00:26:04
2177,League of Legends,00:26:05
2177,League of Legends,00:26:06
2177,League of Legends,00:26:07
2177,League of Legends,00:26:08
2177,League of Legends,00:26:09
2177,League of Legends,00:26:10
2177,League of Legends,00:26:11
2177,League of Legends,00:26:11
2177,League of Legends,00:26:12
2177,League of Legends,00:26:13
2177,League of Legends,00:26:14
2177,League of Legends,00:26:15
2177,League of Legends,00:26:16
2177,League of Legends,00:26:17
2177,League of Legends,00:26:18
2177,League of Legends,00:26:18
2177,League of Legends,00:26:19
2177,League of Legends,00:26:20
2177,League of Legends,00:26:21
2177,League of Legends,00:26:22
2177,League of Legends,00:26:23
2177,League of Legends,00:26:24
2177,League of Legends,00:26:25
2177,League of Legends,00:26:25
2177,League of Legends,00:26:26
2177,League of Legends,00:26:27
2177,League of Legends,00:26:28
2177,League of Legends,00:26:29
2177,League of Legends,00:26:30
2177,League of Legends,00:26:31
2177,League of Legends,00:26:32
2186,League of Legends,00:26:33
2186,League of Legends,00:26:34
2186,League of Legends,00:26:35
2186,League of Legends,00:26:35
2186,League of Legends,00:26:36
2186,League of Legends,00:26:37
2186,League of Legends,00:26:38
2186,League of Legends,00:26:39
2186,League of Legends,00:26:40
2186,League of Legends,00:26:41
2186,League of Legends,00:26:41
2186,League of Legends,00:26:42
2186,League of Legends,00:26:43
2186,League of Legends,00:26:44
2186,League of Legends,00:26:45
2186,League of Legends,00:26:46
2186,League of Legends,00:26:47
2186,League of Legends,00:26:48
2186,League of Legends,00:26:48
2186,League of Legends,00:26:49
2186,League of Legends,00:26:50
2186,League of Legends,00:26:51
2186,League of Legends,00:26:52
2186,League of Legends,00:26:53
2186,League of Legends,00:26:54
2186,League of Legends,00:26:55
2186,League of Legends,00:26:55
2186,League of Legends,00:26:56
2186,League of Legends,00:26:57
2186,League of Legends,00:26:58
2186,League of Legends,00:26:59
2186,League of Legends,00:27:00
2186,League of Legends,00:27:01
2186,League of Legends,00:27:02
2186,League of Legends,00:27:02
2186,League of Legends,00:27:03
2186,League of Legends,00:27:04
2186,League of Legends,00:27:05
2186,League of Legends,00:27:06
2186,League of Legends,00:27:07
2186,League of Legends,00:27:08
2186,League of Legends,00:27:09
2186,League of Legends,00:27:10
2186,League of Legends,00:27:10
2186,League of Legends,00:27:11
2186,League of Legends,00:27:12
2186,League of Legends,00:27:13
2186,League of Legends,00:27:14
2186,League of Legends,00:27:15
2186,League of Legends,00:27:16
2186,League of Legends,00:27:17
2186,League of Legends,00:27:17
2186,League of Legends,00:27:18
2186,League of Legends,00:27:19
2211,League of Legends,00:27:20
2211,League of Legends,00:27:21
2211,League of Legends,00:27:22
2211,League of Legends,00:27:23
2211,League of Legends,00:27:24
2211,League of Legends,00:27:24
2211,League of Legends,00:27:25
2211,League of Legends,00:27:26
2211,League of Legends,00:27:27
2211,League of Legends,00:27:28
2211,League of Legends,00:27:29
2211,League of Legends,00:27:30
2238,League of Legends,00:27:31
2238,League of Legends,00:27:31
2238,League of Legends,00:27:32
2238,League of Legends,00:27:33
2238,League of Legends,00:27:34
2238,League of Legends,00:27:35
2238,League of Legends,00:27:36
2238,League of Legends,00:27:37
2238,League of Legends,00:27:38
2238,League of Legends,00:27:38
2238,League of Legends,00:27:39
2238,League of Legends,00:27:40
2238,League of Legends,00:27:41
2238,League of Legends,00:27:42
2238,League of Legends,00:27:43
2238,League of Legends,00:27:44
2238,League of Legends,00:27:45
2238,League of Legends,00:27:45
2238,League of Legends,00:27:46
2238,League of Legends,00:27:47
2238,League of Legends,00:27:48
2238,League of Legends,00:27:49
2238,League of Legends,00:27:50
2238,League of Legends,00:27:51
2238,League of Legends,00:27:52
2238,League of Legends,00:27:53
2238,League of Legends,00:27:53
2238,League of Legends,00:27:54
2238,League of Legends,00:27:55
2238,League of Legends,00:27:56
2238,League of Legends,00:27:57
2238,League of Legends,00:27:58
2238,League of Legends,00:27:59
2238,League of Legends,00:27:59
2238,League of Legends,00:28:00
2238,League of Legends,00:28:01
2238,League of Legends,00:28:02
2238,League of Legends,00:28:03
2238,League of Legends,00:28:04
2238,League of Legends,00:28:05
2238,League of Legends,00:28:06
2238,League of Legends,00:28:06
2238,League of Legends,00:28:07
2238,League of Legends,00:28:08
2238,League of Legends,00:28:09
2238,League of Legends,00:28:10
2238,League of Legends,00:28:11
2238,League of Legends,00:28:12
2238,League of Legends,00:28:13
2238,League of Legends,00:28:13
2238,League of Legends,00:28:14
2238,League of Legends,00:28:15
2238,League of Legends,00:28:16
2238,League of Legends,00:28:17
2247,League of Legends,00:28:18
2247,League of Legends,00:28:19
2247,League of Legends,00:28:20
2247,League of Legends,00:28:20
2247,League of Legends,00:28:21
2247,League of Legends,00:28:22
2247,League of Legends,00:28:23
2247,League of Legends,00:28:24
2247,League of Legends,00:28:25
2247,League of Legends,00:28:26
2247,League of Legends,00:28:27
2247,League of Legends,00:28:27
2247,League of Legends,00:28:28
2247,League of Legends,00:28:29
2247,League of Legends,00:28:30
2247,League of Legends,00:28:31
2247,League of Legends,00:28:32
2247,League of Legends,00:28:33
2247,League of Legends,00:28:34
2247,League of Legends,00:28:35
2247,League of Legends,00:28:35
2247,League of Legends,00:28:36
2247,League of Legends,00:28:37
2247,League of Legends,00:28:38
2247,League of Legends,00:28:39
2247,League of Legends,00:28:40
2247,League of Legends,00:28:41
2247,League of Legends,00:28:42
2247,League of Legends,00:28:43
2247,League of Legends,00:28:44
2247,League of Legends,00:28:45
2247,League of Legends,00:28:45
2247,League of Legends,00:28:46
2247,League of Legends,00:28:47
2247,League of Legends,00:28:48
2247,League of Legends,00:28:49
2247,League of Legends,00:28:50
2247,League of Legends,00:28:51
2247,League of Legends,00:28:52
2247,League of Legends,00:28:52
2247,League of Legends,00:28:53
2247,League of Legends,00:28:54
2247,League of Legends,00:28:55
2247,League of Legends,00:28:56
2247,League of Legends,00:28:57
2247,League of Legends,00:28:58
2247,League of Legends,00:28:59
2247,League of Legends,00:28:59
2247,League of Legends,00:29:00
2247,League of Legends,00:29:01
2247,League of Legends,00:29:02
2247,League of Legends,00:29:03
2247,League of Legends,00:29:04
2247,League of Legends,00:29:05
2247,League of Legends,00:29:06
2247,League of Legends,00:29:07
2247,League of Legends,00:29:08
2247,League of Legends,00:29:09
2247,League of Legends,00:29:09
2247,League of Legends,00:29:10
2247,League of Legends,00:29:11
2247,League of Legends,00:29:12
2247,League of Legends,00:29:13
2247,League of Legends,00:29:14
2247,League of Legends,00:29:15
2247,League of Legends,00:29:16
2247,League of Legends,00:29:16
2247,League of Legends,00:29:17
2247,League of Legends,00:29:18
2247,League of Legends,00:29:19
2247,League of Legends,00:29:20
2247,League of Legends,00:29:21
2247,League of Legends,00:29:22
2247,League of Legends,00:29:22
2247,League of Legends,00:29:23
2247,League of Legends,00:29:24
2247,League of Legends,00:29:25
2247,League of Legends,00:29:26
2247,League of Legends,00:29:27
2247,League of Legends,00:29:28
2247,League of Legends,00:29:29
2247,League of Legends,00:29:29
2247,League of Legends,00:29:30
2247,League of Legends,00:29:31
2247,League of Legends,00:29:32
2247,League of Legends,00:29:33
2247,League of Legends,00:29:34
2247,League of Legends,00:29:35
2247,League of Legends,00:29:36
2247,League of Legends,00:29:37
2247,League of Legends,00:29:37
2247,League of Legends,00:29:38
2247,League of Legends,00:29:39
2247,League of Legends,00:29:40
2247,League of Legends,00:29:41
2247,League of Legends,00:29:42
2247,League of Legends,00:29:43
2247,League of Legends,00:29:44
2247,League of Legends,00:29:45
2247,League of Legends,00:29:45
2247,League of Legends,00:29:46
2247,League of Legends,00:29:47
2309,League of Legends,00:29:48
2309,League of Legends,00:29:49
2309,League of Legends,00:29:50
2309,League of Legends,00:29:51
2309,League of Legends,00:29:52
2309,League of Legends,00:29:52
2309,League of Legends,00:29:53
2309,League of Legends,00:29:54
2309,League of Legends,00:29:55
2309,League of Legends,00:29:56
2309,League of Legends,00:29:57
2309,League of Legends,00:29:58
2309,League of Legends,00:29:59
2309,League of Legends,00:29:59
2309,League of Legends,00:30:00
2309,League of Legends,00:30:01
2309,League of Legends,00:30:02
2309,League of Legends,00:30:03
2309,League of Legends,00:30:04
2309,League of Legends,00:30:05
2309,League of Legends,00:30:05
2309,League of Legends,00:30:06
2309,League of Legends,00:30:07
2309,League of Legends,00:30:08
2309,League of Legends,00:30:13
2309,League of Legends,00:30:14
2309,League of Legends,00:30:14
2309,League of Legends,00:30:15
2309,League of Legends,00:30:16
2309,League of Legends,00:30:17
2309,League of Legends,00:30:18
2309,League of Legends,00:30:19
2309,League of Legends,00:30:20
2309,League of Legends,00:30:21
2309,League of Legends,00:30:21
2309,League of Legends,00:30:22
2309,League of Legends,00:30:23
2309,League of Legends,00:30:24
2309,League of Legends,00:30:25
2309,League of Legends,00:30:26
2309,League of Legends,00:30:27
2309,League of Legends,00:30:28
2309,League of Legends,00:30:28
2309,League of Legends,00:30:29
2309,League of Legends,00:30:30
2309,League of Legends,00:30:31
2309,League of Legends,00:30:32
2309,League of Legends,00:30:33
2413,League of Legends,00:30:34
2413,League of Legends,00:30:35
2413,League of Legends,00:30:35
2413,League of Legends,00:30:36
2413,League of Legends,00:30:37
2413,League of Legends,00:30:38
2413,League of Legends,00:30:39
2413,League of Legends,00:30:40
2413,League of Legends,00:30:41
2413,League of Legends,00:30:42
2413,League of Legends,00:30:43
2413,League of Legends,00:30:43
2413,League of Legends,00:30:44
2413,League of Legends,00:30:45
2413,League of Legends,00:30:46
2413,League of Legends,00:30:47
2413,League of Legends,00:30:48
2413,League of Legends,00:30:49
2413,League of Legends,00:30:50
2413,League of Legends,00:30:50
2413,League of Legends,00:30:51
2413,League of Legends,00:30:52
2413,League of Legends,00:30:53
2413,League of Legends,00:30:54
2413,League of Legends,00:30:55
2413,League of Legends,00:30:56
2413,League of Legends,00:30:57
2413,League of Legends,00:30:57
2413,League of Legends,00:30:58
2413,League of Legends,00:30:59
2413,League of Legends,00:31:00
2413,League of Legends,00:31:01
2413,League of Legends,00:31:02
2413,League of Legends,00:31:03
2413,League of Legends,00:31:04
2413,League of Legends,00:31:04
2413,League of Legends,00:31:05
2413,League of Legends,00:31:06
2413,League of Legends,00:31:07
2413,League of Legends,00:31:08
2413,League of Legends,00:31:09
2413,League of Legends,00:31:10
2413,League of Legends,00:31:11
2413,League of Legends,00:31:11
2413,League of Legends,00:31:12
2413,League of Legends,00:31:13
2413,League of Legends,00:31:14
2413,League of Legends,00:31:15
2415,League of Legends,00:31:16
2415,League of Legends,00:31:17
2415,League of Legends,00:31:18
2415,League of Legends,00:31:18
2415,League of Legends,00:31:19
2415,League of Legends,00:31:20
2415,League of Legends,00:31:21
2415,League of Legends,00:31:22
2415,League of Legends,00:31:23
2415,League of Legends,00:31:24
2415,League of Legends,00:31:25
2415,League of Legends,00:31:25
2415,League of Legends,00:31:26
2415,League of Legends,00:31:27
2415,League of Legends,00:31:28
2415,League of Legends,00:31:29
2415,League of Legends,00:31:30
2415,League of Legends,00:31:31
2415,League of Legends,00:31:32
2415,League of Legends,00:31:33
2415,League of Legends,00:31:34
2415,League of Legends,00:31:34
2415,League of Legends,00:31:35
2415,League of Legends,00:31:36
2415,League of Legends,00:31:37
2415,League of Legends,00:31:38
2415,League of Legends,00:31:39
2415,League of Legends,00:31:40
2415,League of Legends,00:31:41
2415,League of Legends,00:31:41
2415,League of Legends,00:31:42
2415,League of Legends,00:31:43
2415,League of Legends,00:31:44
2415,League of Legends,00:31:45
2415,League of Legends,00:31:46
2415,League of Legends,00:31:47
2415,League of Legends,00:31:48
2415,League of Legends,00:31:49
2415,League of Legends,00:31:50
2415,League of Legends,00:31:50
2415,League of Legends,00:31:51
2415,League of Legends,00:31:52
2415,League of Legends,00:31:53
2415,League of Legends,00:31:54
2415,League of Legends,00:31:55
2415,League of Legends,00:31:56
2415,League of Legends,00:31:57
2415,League of Legends,00:31:57
2415,League of Legends,00:31:58
2415,League of Legends,00:31:59
2415,League of Legends,00:32:00
2415,League of Legends,00:32:01
2415,League of Legends,00:32:02
2415,League of Legends,00:32:03
2413,League of Legends,00:32:04
2413,League of Legends,00:32:04
2413,League of Legends,00:32:05
2413,League of Legends,00:32:06
2413,League of Legends,00:32:07
2413,League of Legends,00:32:08
2413,League of Legends,00:32:09
2413,League of Legends,00:32:10
2413,League of Legends,00:32:11
2413,League of Legends,00:32:11
2413,League of Legends,00:32:12
2413,League of Legends,00:32:13
2413,League of Legends,00:32:14
2413,League of Legends,00:32:15
2413,League of Legends,00:32:16
2413,League of Legends,00:32:17
2413,League of Legends,00:32:18
2413,League of Legends,00:32:18
2413,League of Legends,00:32:19
2413,League of Legends,00:32:20
2413,League of Legends,00:32:21
2413,League of Legends,00:32:22
2413,League of Legends,00:32:23
2413,League of Legends,00:32:24
2413,League of Legends,00:32:25
2413,League of Legends,00:32:26
2413,League of Legends,00:32:26
2413,League of Legends,00:32:27
2413,League of Legends,00:32:28
2413,League of Legends,00:32:29
2413,League of Legends,00:32:30
2413,League of Legends,00:32:31
2413,League of Legends,00:32:32
2413,League of Legends,00:32:33
2413,League of Legends,00:32:33
2413,League of Legends,00:32:34
2413,League of Legends,00:32:35
2413,League of Legends,00:32:36
2413,League of Legends,00:32:37
2413,League of Legends,00:32:38
2413,League of Legends,00:32:39
2413,League of Legends,00:32:40
2413,League of Legends,00:32:40
2413,League of Legends,00:32:41
2413,League of Legends,00:32:42
2413,League of Legends,00:32:43
2413,League of Legends,00:32:44
2413,League of Legends,00:32:45
2413,League of Legends,00:32:46
2413,League of Legends,00:32:47
2413,League of Legends,00:32:47
2413,League of Legends,00:32:48
2413,League of Legends,00:32:49
2413,League of Legends,00:32:50
2428,League of Legends,00:32:51
2428,League of Legends,00:32:52
2428,League of Legends,00:32:53
2428,League of Legends,00:32:54
2428,League of Legends,00:32:54
2428,League of Legends,00:32:55
2428,League of Legends,00:32:56
2428,League of Legends,00:32:57
2428,League of Legends,00:32:58
2428,League of Legends,00:32:59
2428,League of Legends,00:33:00
2428,League of Legends,00:33:01
2428,League of Legends,00:33:02
2428,League of Legends,00:33:02
2428,League of Legends,00:33:03
2428,League of Legends,00:33:04
2428,League of Legends,00:33:05
2428,League of Legends,00:33:06
2428,League of Legends,00:33:07
2428,League of Legends,00:33:08
2428,League of Legends,00:33:08
2428,League of Legends,00:33:09
2428,League of Legends,00:33:10
2428,League of Legends,00:33:11
2428,League of Legends,00:33:12
2428,League of Legends,00:33:13
2428,League of Legends,00:33:14
2428,League of Legends,00:33:15
2428,League of Legends,00:33:15
2428,League of Legends,00:33:16
2428,League of Legends,00:33:17
2428,League of Legends,00:33:18
2428,League of Legends,00:33:19
2428,League of Legends,00:33:20
2428,League of Legends,00:33:21
2428,League of Legends,00:33:22
2428,League of Legends,00:33:22
2428,League of Legends,00:33:23
2428,League of Legends,00:33:24
2428,League of Legends,00:33:25
2428,League of Legends,00:33:26
2428,League of Legends,00:33:27
2428,League of Legends,00:33:28
2428,League of Legends,00:33:29
2428,League of Legends,00:33:29
2428,League of Legends,00:33:30
2428,League of Legends,00:33:31
2428,League of Legends,00:33:32
2579,League of Legends,00:33:33
2579,League of Legends,00:33:34
2579,League of Legends,00:33:35
2579,League of Legends,00:33:36
2579,League of Legends,00:33:37
2579,League of Legends,00:33:37
2579,League of Legends,00:33:38
2579,League of Legends,00:33:39
2579,League of Legends,00:33:40
2579,League of Legends,00:33:41
2579,League of Legends,00:33:42
2579,League of Legends,00:33:43
2579,League of Legends,00:33:44
2579,League of Legends,00:33:45
2579,League of Legends,00:33:46
2579,League of Legends,00:33:47
2579,League of Legends,00:33:47
2579,League of Legends,00:33:48
2579,League of Legends,00:33:49
2579,League of Legends,00:33:50
2579,League of Legends,00:33:51
2579,League of Legends,00:33:52
2579,League of Legends,00:33:53
2579,League of Legends,00:33:54
2579,League of Legends,00:33:55
2579,League of Legends,00:33:55
2579,League of Legends,00:33:56
2579,League of Legends,00:33:57
2579,League of Legends,00:33:58
2579,League of Legends,00:33:59
2579,League of Legends,00:34:00
2579,League of Legends,00:34:01
2579,League of Legends,00:34:02
2579,League of Legends,00:34:02
2579,League of Legends,00:34:03
2579,League of Legends,00:34:04
2579,League of Legends,00:34:05
2579,League of Legends,00:34:06
2579,League of Legends,00:34:07
2579,League of Legends,00:34:08
2579,League of Legends,00:34:09
2579,League of Legends,00:34:10
2579,League of Legends,00:34:10
2579,League of Legends,00:34:11
2579,League of Legends,00:34:12
2579,League of Legends,00:34:13
2579,League of Legends,00:34:14
2579,League of Legends,00:34:15
2579,League of Legends,00:34:16
2579,League of Legends,00:34:17
2579,League of Legends,00:34:17
2579,League of Legends,00:34:18
2579,League of Legends,00:34:19
2579,League of Legends,00:34:20
2660,League of Legends,00:34:21
2660,League of Legends,00:34:22
2660,League of Legends,00:34:23
2660,League of Legends,00:34:24
2660,League of Legends,00:34:25
2660,League of Legends,00:34:25
2660,League of Legends,00:34:26
2660,League of Legends,00:34:27
2660,League of Legends,00:34:28
2660,League of Legends,00:34:29
2660,League of Legends,00:34:30
2660,League of Legends,00:34:31
2660,League of Legends,00:34:32
2660,League of Legends,00:34:32
2660,League of Legends,00:34:33
2660,League of Legends,00:34:34
2660,League of Legends,00:34:35
2660,League of Legends,00:34:36
2660,League of Legends,00:34:37
2660,League of Legends,00:34:38
2660,League of Legends,00:34:38
2660,League of Legends,00:34:39
2660,League of Legends,00:34:40
2660,League of Legends,00:34:41
2660,League of Legends,00:34:42
2660,League of Legends,00:34:43
2660,League of Legends,00:34:44
2660,League of Legends,00:34:45
2660,League of Legends,00:34:45
2660,League of Legends,00:34:46
2660,League of Legends,00:34:47
2660,League of Legends,00:34:48
2660,League of Legends,00:34:49
2660,League of Legends,00:34:50
2660,League of Legends,00:34:51
2660,League of Legends,00:34:52
2660,League of Legends,00:34:52
2660,League of Legends,00:34:53
2660,League of Legends,00:34:54
2660,League of Legends,00:34:55
2660,League of Legends,00:34:56
2660,League of Legends,00:34:57
2660,League of Legends,00:34:58
2660,League of Legends,00:34:59
2660,League of Legends,00:35:00
2660,League of Legends,00:35:00
2660,League of Legends,00:35:01
2660,League of Legends,00:35:02
2737,League of Legends,00:35:03
2737,League of Legends,00:35:04
2737,League of Legends,00:35:05
2737,League of Legends,00:35:06
2737,League of Legends,00:35:07
2737,League of Legends,00:35:07
2737,League of Legends,00:35:08
2737,League of Legends,00:35:09
2737,League of Legends,00:35:10
2737,League of Legends,00:35:11
2737,League of Legends,00:35:12
2737,League of Legends,00:35:13
2737,League of Legends,00:35:14
2737,League of Legends,00:35:14
2737,League of Legends,00:35:15
2737,League of Legends,00:35:16
2737,League of Legends,00:35:17
2737,League of Legends,00:35:18
2737,League of Legends,00:35:19
2737,League of Legends,00:35:20
2737,League of Legends,00:35:21
2737,League of Legends,00:35:22
2737,League of Legends,00:35:22
2737,League of Legends,00:35:23
2737,League of Legends,00:35:24
2737,League of Legends,00:35:25
2737,League of Legends,00:35:26
2737,League of Legends,00:35:27
2737,League of Legends,00:35:28
2737,League of Legends,00:35:29
2737,League of Legends,00:35:30
2737,League of Legends,00:35:30
2737,League of Legends,00:35:31
2737,League of Legends,00:35:32
2737,League of Legends,00:35:33
2737,League of Legends,00:35:34
2737,League of Legends,00:35:35
2737,League of Legends,00:35:36
2737,League of Legends,00:35:37
2737,League of Legends,00:35:37
2737,League of Legends,00:35:38
2737,League of Legends,00:35:39
2737,League of Legends,00:35:40
2737,League of Legends,00:35:41
2737,League of Legends,00:35:42
2737,League of Legends,00:35:43
2737,League of Legends,00:35:44
2737,League of Legends,00:35:44
2737,League of Legends,00:35:45
2737,League of Legends,00:35:46
2737,League of Legends,00:35:47
2737,League of Legends,00:35:48
2737,League of Legends,00:35:49
2737,League of Legends,00:35:50
2763,League of Legends,00:35:51
2763,League of Legends,00:35:51
2763,League of Legends,00:35:52
2763,League of Legends,00:35:53
2763,League of Legends,00:35:54
2763,League of Legends,00:35:55
2763,League of Legends,00:35:56
2763,League of Legends,00:35:57
2763,League of Legends,00:35:58
2763,League of Legends,00:35:59
2763,League of Legends,00:35:59
2763,League of Legends,00:36:00
2763,League of Legends,00:36:01
2763,League of Legends,00:36:02
2763,League of Legends,00:36:03
2763,League of Legends,00:36:04
2763,League of Legends,00:36:05
2763,League of Legends,00:36:06
2763,League of Legends,00:36:06
2763,League of Legends,00:36:07
2763,League of Legends,00:36:08
2763,League of Legends,00:36:09
2763,League of Legends,00:36:10
2763,League of Legends,00:36:11
2763,League of Legends,00:36:12
2763,League of Legends,00:36:13
2763,League of Legends,00:36:13
2763,League of Legends,00:36:14
2763,League of Legends,00:36:15
2763,League of Legends,00:36:16
2763,League of Legends,00:36:17
2763,League of Legends,00:36:18
2763,League of Legends,00:36:19
2763,League of Legends,00:36:20
2763,League of Legends,00:36:21
2763,League of Legends,00:36:21
2763,League of Legends,00:36:22
2763,League of Legends,00:36:23
2763,League of Legends,00:36:24
2763,League of Legends,00:36:25
2763,League of Legends,00:36:26
2763,League of Legends,00:36:27
2763,League of Legends,00:36:28
2763,League of Legends,00:36:28
2763,League of Legends,00:36:29
2763,League of Legends,00:36:30
2763,League of Legends,00:36:31
2763,League of Legends,00:36:32
2812,League of Legends,00:36:33
2812,League of Legends,00:36:34
2812,League of Legends,00:36:35
2812,League of Legends,00:36:35
2812,League of Legends,00:36:36
2812,League of Legends,00:36:37
2812,League of Legends,00:36:38
2812,League of Legends,00:36:39
2812,League of Legends,00:36:40
2812,League of Legends,00:36:41
2812,League of Legends,00:36:42
2812,League of Legends,00:36:42
2812,League of Legends,00:36:44
2812,League of Legends,00:36:45
2812,League of Legends,00:36:45
2812,League of Legends,00:36:46
2812,League of Legends,00:36:47
2812,League of Legends,00:36:48
2812,League of Legends,00:36:49
2812,League of Legends,00:36:50
2812,League of Legends,00:36:51
2812,League of Legends,00:36:52
2812,League of Legends,00:36:53
2812,League of Legends,00:36:53
2812,League of Legends,00:36:54
2812,League of Legends,00:36:55
2812,League of Legends,00:36:56
2812,League of Legends,00:36:57
2812,League of Legends,00:36:58
2812,League of Legends,00:36:59
2812,League of Legends,00:37:00
2812,League of Legends,00:37:00
2812,League of Legends,00:37:01
2812,League of Legends,00:37:02
2812,League of Legends,00:37:03
2812,League of Legends,00:37:04
2812,League of Legends,00:37:05
2812,League of Legends,00:37:06
2812,League of Legends,00:37:07
2812,League of Legends,00:37:07
2812,League of Legends,00:37:08
2812,League of Legends,00:37:09
2812,League of Legends,00:37:10
2812,League of Legends,00:37:11
2812,League of Legends,00:37:12
2812,League of Legends,00:37:13
2812,League of Legends,00:37:14
2812,League of Legends,00:37:14
2812,League of Legends,00:37:16
2812,League of Legends,00:37:16
2812,League of Legends,00:37:17
2812,League of Legends,00:37:18
2812,League of Legends,00:37:19
2812,League of Legends,00:37:20
2831,League of Legends,00:37:21
2831,League of Legends,00:37:22
2831,League of Legends,00:37:23
2831,League of Legends,00:37:23
2831,League of Legends,00:37:24
2831,League of Legends,00:37:25
2831,League of Legends,00:37:26
2831,League of Legends,00:37:27
2831,League of Legends,00:37:28
2831,League of Legends,00:37:29
2831,League of Legends,00:37:30
2831,League of Legends,00:37:30
2831,League of Legends,00:37:31
2831,League of Legends,00:37:33
2831,League of Legends,00:37:33
2831,League of Legends,00:37:34
2831,League of Legends,00:37:35
2831,League of Legends,00:37:36
2831,League of Legends,00:37:37
2831,League of Legends,00:37:38
2831,League of Legends,00:37:39
2831,League of Legends,00:37:39
2831,League of Legends,00:37:40
2831,League of Legends,00:37:41
2831,League of Legends,00:37:42
2831,League of Legends,00:37:43
2831,League of Legends,00:37:44
2831,League of Legends,00:37:45
2831,League of Legends,00:37:46
2831,League of Legends,00:37:46
2831,League of Legends,00:37:47
2831,League of Legends,00:37:48
2831,League of Legends,00:37:49
2831,League of Legends,00:37:50
2831,League of Legends,00:37:51
2831,League of Legends,00:37:52
2831,League of Legends,00:37:53
2831,League of Legends,00:37:53
2831,League of Legends,00:37:54
2831,League of Legends,00:37:55
2831,League of Legends,00:37:56
2831,League of Legends,00:37:57
2831,League of Legends,00:37:58
2831,League of Legends,00:37:59
2831,League of Legends,00:38:00
2831,League of Legends,00:38:00
2831,League of Legends,00:38:01
2831,League of Legends,00:38:02
2831,League of Legends,00:38:03
2831,League of Legends,00:38:04
2831,League of Legends,00:38:05
2831,League of Legends,00:38:06
2831,League of Legends,00:38:07
2831,League of Legends,00:38:07
2831,League of Legends,00:38:08
2831,League of Legends,00:38:09
2831,League of Legends,00:38:10
2831,League of Legends,00:38:11
2831,League of Legends,00:38:12
2831,League of Legends,00:38:13
2831,League of Legends,00:38:14
2831,League of Legends,00:38:15
2831,League of Legends,00:38:15
2831,League of Legends,00:38:16
2831,League of Legends,00:38:17
2831,League of Legends,00:38:18
2841,League of Legends,00:38:19
2841,League of Legends,00:38:20
2841,League of Legends,00:38:21
2841,League of Legends,00:38:22
2841,League of Legends,00:38:22
2841,League of Legends,00:38:23
2841,League of Legends,00:38:24
2841,League of Legends,00:38:25
2841,League of Legends,00:38:26
2841,League of Legends,00:38:27
2841,League of Legends,00:38:28
2841,League of Legends,00:38:29
2841,League of Legends,00:38:29
2841,League of Legends,00:38:30
2841,League of Legends,00:38:31
2841,League of Legends,00:38:32
2841,League of Legends,00:38:33
2841,League of Legends,00:38:34
2843,League of Legends,00:38:35
2843,League of Legends,00:38:36
2843,League of Legends,00:38:37
2843,League of Legends,00:38:37
2843,League of Legends,00:38:38
2843,League of Legends,00:38:39
2843,League of Legends,00:38:40
2843,League of Legends,00:38:41
2843,League of Legends,00:38:42
2843,League of Legends,00:38:43
2843,League of Legends,00:38:44
2843,League of Legends,00:38:44
2843,League of Legends,00:38:45
2843,League of Legends,00:38:46
2843,League of Legends,00:38:47
2843,League of Legends,00:38:48
2843,League of Legends,00:38:49
2843,League of Legends,00:38:50
2843,League of Legends,00:38:51
2843,League of Legends,00:38:52
2843,League of Legends,00:38:52
2843,League of Legends,00:38:53
2843,League of Legends,00:38:54
2843,League of Legends,00:38:55
2843,League of Legends,00:38:56
2843,League of Legends,00:38:57
2843,League of Legends,00:38:58
2843,League of Legends,00:38:59
2843,League of Legends,00:38:59
2843,League of Legends,00:39:00
2843,League of Legends,00:39:01
2843,League of Legends,00:39:02
2843,League of Legends,00:39:03
2843,League of Legends,00:39:04
2843,League of Legends,00:39:05
2843,League of Legends,00:39:06
2843,League of Legends,00:39:06
2843,League of Legends,00:39:07
2843,League of Legends,00:39:08
2843,League of Legends,00:39:09
2843,League of Legends,00:39:10
2843,League of Legends,00:39:11
2843,League of Legends,00:39:12
2843,League of Legends,00:39:13
2843,League of Legends,00:39:14
2843,League of Legends,00:39:15
2843,League of Legends,00:39:15
2843,League of Legends,00:39:16
2843,League of Legends,00:39:17
2843,League of Legends,00:39:18
2843,League of Legends,00:39:19
2843,League of Legends,00:39:20
2843,League of Legends,00:39:21
2843,League of Legends,00:39:22
2843,League of Legends,00:39:23
2843,League of Legends,00:39:23
2843,League of Legends,00:39:24
2843,League of Legends,00:39:25
2843,League of Legends,00:39:26
2843,League of Legends,00:39:27
2843,League of Legends,00:39:28
2843,League of Legends,00:39:29
2843,League of Legends,00:39:30
2843,League of Legends,00:39:30
2843,League of Legends,00:39:31
2843,League of Legends,00:39:32
2843,League of Legends,00:39:33
2843,League of Legends,00:39:34
2843,League of Legends,00:39:35
2843,League of Legends,00:39:36
2843,League of Legends,00:39:37
2843,League of Legends,00:39:37
2843,League of Legends,00:39:38
2843,League of Legends,00:39:39
2843,League of Legends,00:39:40
2843,League of Legends,00:39:41
2843,League of Legends,00:39:42
2843,League of Legends,00:39:43
2843,League of Legends,00:39:44
2843,League of Legends,00:39:44
2843,League of Legends,00:39:45
2843,League of Legends,00:39:46
2843,League of Legends,00:39:47
2843,League of Legends,00:39:48
2881,League of Legends,00:39:49
2881,League of Legends,00:39:50
2881,League of Legends,00:39:51
2881,League of Legends,00:39:51
2881,League of Legends,00:39:52
2881,League of Legends,00:39:53
2881,League of Legends,00:39:54
2881,League of Legends,00:39:55
2881,League of Legends,00:39:56
2881,League of Legends,00:39:57
2881,League of Legends,00:39:58
2881,League of Legends,00:39:58
2881,League of Legends,00:39:59
2881,League of Legends,00:40:00
2881,League of Legends,00:40:01
2881,League of Legends,00:40:02
2881,League of Legends,00:40:03
2881,League of Legends,00:40:04
2881,League of Legends,00:40:05
2881,League of Legends,00:40:06
2881,League of Legends,00:40:06
2881,League of Legends,00:40:07
2881,League of Legends,00:40:08
2881,League of Legends,00:40:09
2881,League of Legends,00:40:10
2881,League of Legends,00:40:11
2881,League of Legends,00:40:12
2881,League of Legends,00:40:13
2881,League of Legends,00:40:14
2881,League of Legends,00:40:15
2881,League of Legends,00:40:16
2881,League of Legends,00:40:16
2881,League of Legends,00:40:17
2881,League of Legends,00:40:18
2881,League of Legends,00:40:19
2881,League of Legends,00:40:20
2930,League of Legends,00:40:21
2930,League of Legends,00:40:22
2930,League of Legends,00:40:22
2930,League of Legends,00:40:23
2930,League of Legends,00:40:24
2930,League of Legends,00:40:25
2930,League of Legends,00:40:26
2930,League of Legends,00:40:27
2930,League of Legends,00:40:28
2930,League of Legends,00:40:29
2930,League of Legends,00:40:29
2930,League of Legends,00:40:30
2930,League of Legends,00:40:31
2930,League of Legends,00:40:32
2930,League of Legends,00:40:33
2930,League of Legends,00:40:34
2930,League of Legends,00:40:35
2930,League of Legends,00:40:36
2930,League of Legends,00:40:37
2930,League of Legends,00:40:37
2930,League of Legends,00:40:38
2930,League of Legends,00:40:39
2930,League of Legends,00:40:40
2930,League of Legends,00:40:41
2930,League of Legends,00:40:42
2930,League of Legends,00:40:43
2930,League of Legends,00:40:44
2930,League of Legends,00:40:44
2930,League of Legends,00:40:45
2930,League of Legends,00:40:46
2930,League of Legends,00:40:47
2930,League of Legends,00:40:48
2930,League of Legends,00:40:49
2930,League of Legends,00:40:50
2930,League of Legends,00:40:51
2930,League of Legends,00:40:51
2966,League of Legends,00:40:52
2966,League of Legends,00:40:53
2966,League of Legends,00:40:54
2966,League of Legends,00:40:55
2966,League of Legends,00:40:56
2966,League of Legends,00:40:57
2966,League of Legends,00:40:58
2966,League of Legends,00:40:59
2966,League of Legends,00:40:59
2966,League of Legends,00:41:00
2966,League of Legends,00:41:01
2966,League of Legends,00:41:02
2966,League of Legends,00:41:03
2966,League of Legends,00:41:04
2966,League of Legends,00:41:05
2966,League of Legends,00:41:06
2966,League of Legends,00:41:06
2966,League of Legends,00:41:07
2966,League of Legends,00:41:08
2966,League of Legends,00:41:09
2966,League of Legends,00:41:10
2966,League of Legends,00:41:11
2966,League of Legends,00:41:12
2966,League of Legends,00:41:13
2966,League of Legends,00:41:14
2966,League of Legends,00:41:15
2966,League of Legends,00:41:15
2966,League of Legends,00:41:16
2966,League of Legends,00:41:17
2966,League of Legends,00:41:18
2966,League of Legends,00:41:19
2966,League of Legends,00:41:20
2966,League of Legends,00:41:21
2966,League of Legends,00:41:21
2966,League of Legends,00:41:22
2966,League of Legends,00:41:23
2966,League of Legends,00:41:24
2966,League of Legends,00:41:25
2966,League of Legends,00:41:26
2966,League of Legends,00:41:27
2966,League of Legends,00:41:28
2966,League of Legends,00:41:28
2966,League of Legends,00:41:29
2966,League of Legends,00:41:30
2966,League of Legends,00:41:31
2966,League of Legends,00:41:32
2966,League of Legends,00:41:33
2966,League of Legends,00:41:34
2991,League of Legends,00:41:35
2991,League of Legends,00:41:36
2991,League of Legends,00:41:36
2991,League of Legends,00:41:37
2991,League of Legends,00:41:38
2991,League of Legends,00:41:39
2991,League of Legends,00:41:40
2991,League of Legends,00:41:41
2991,League of Legends,00:41:42
2991,League of Legends,00:41:43
2991,League of Legends,00:41:43
2991,League of Legends,00:41:44
2991,League of Legends,00:41:45
2991,League of Legends,00:41:46
2991,League of Legends,00:41:47
2991,League of Legends,00:41:48
2991,League of Legends,00:41:49
2991,League of Legends,00:41:50
2991,League of Legends,00:41:51
2991,League of Legends,00:41:51
2991,League of Legends,00:41:52
2991,League of Legends,00:41:53
2991,League of Legends,00:41:54
2991,League of Legends,00:41:55
2991,League of Legends,00:41:56
2991,League of Legends,00:41:57
2991,League of Legends,00:41:57
2991,League of Legends,00:41:58
2991,League of Legends,00:41:59
2991,League of Legends,00:42:00
2991,League of Legends,00:42:01
2991,League of Legends,00:42:02
2991,League of Legends,00:42:03
2991,League of Legends,00:42:04
2991,League of Legends,00:42:04
2991,League of Legends,00:42:05
2966,League of Legends,00:42:06
2966,League of Legends,00:42:07
2966,League of Legends,00:42:08
2966,League of Legends,00:42:09
2966,League of Legends,00:42:10
2966,League of Legends,00:42:11
2966,League of Legends,00:42:12
2966,League of Legends,00:42:12
2966,League of Legends,00:42:13
2966,League of Legends,00:42:14
2966,League of Legends,00:42:15
2966,League of Legends,00:42:16
2966,League of Legends,00:42:17
2966,League of Legends,00:42:18
2966,League of Legends,00:42:19
2966,League of Legends,00:42:19
2966,League of Legends,00:42:20
2966,League of Legends,00:42:21
2984,League of Legends,00:42:22
2984,League of Legends,00:42:23
2984,League of Legends,00:42:24
2984,League of Legends,00:42:25
2984,League of Legends,00:42:26
2984,League of Legends,00:42:26
2984,League of Legends,00:42:27
2984,League of Legends,00:42:28
2984,League of Legends,00:42:29
2984,League of Legends,00:42:30
2984,League of Legends,00:42:31
2984,League of Legends,00:42:32
2984,League of Legends,00:42:33
2984,League of Legends,00:42:34
2984,League of Legends,00:42:34
2984,League of Legends,00:42:35
2984,League of Legends,00:42:36
2984,League of Legends,00:42:37
2984,League of Legends,00:42:38
2984,League of Legends,00:42:39
2984,League of Legends,00:42:40
2984,League of Legends,00:42:40
2984,League of Legends,00:42:41
2984,League of Legends,00:42:42
2984,League of Legends,00:42:43
2984,League of Legends,00:42:44
2984,League of Legends,00:42:45
2984,League of Legends,00:42:46
2984,League of Legends,00:42:47
2984,League of Legends,00:42:48
2984,League of Legends,00:42:48
2984,League of Legends,00:42:49
2984,League of Legends,00:42:50
2984,League of Legends,00:42:51
2984,League of Legends,00:42:52
2984,League of Legends,00:42:53
2984,League of Legends,00:42:54
2984,League of Legends,00:42:55
2984,League of Legends,00:42:55
2984,League of Legends,00:42:56
2984,League of Legends,00:42:57
2984,League of Legends,00:42:58
2984,League of Legends,00:42:59
2984,League of Legends,00:43:00
2984,League of Legends,00:43:01
2984,League of Legends,00:43:02
2984,League of Legends,00:43:02
2984,League of Legends,00:43:03
2973,League of Legends,00:43:04
2973,League of Legends,00:43:05
2973,League of Legends,00:43:06
2973,League of Legends,00:43:07
2973,League of Legends,00:43:08
2973,League of Legends,00:43:09
2973,League of Legends,00:43:09
2973,League of Legends,00:43:10
2973,League of Legends,00:43:11
2973,League of Legends,00:43:12
2973,League of Legends,00:43:13
2973,League of Legends,00:43:14
2973,League of Legends,00:43:15
2973,League of Legends,00:43:16
2973,League of Legends,00:43:17
2973,League of Legends,00:43:17
2973,League of Legends,00:43:18
2973,League of Legends,00:43:19
2973,League of Legends,00:43:20
2973,League of Legends,00:43:21
2973,League of Legends,00:43:22
2973,League of Legends,00:43:23
2973,League of Legends,00:43:24
2973,League of Legends,00:43:25
2973,League of Legends,00:43:25
2973,League of Legends,00:43:26
2973,League of Legends,00:43:27
2973,League of Legends,00:43:28
2973,League of Legends,00:43:29
2973,League of Legends,00:43:30
2973,League of Legends,00:43:31
2973,League of Legends,00:43:32
2973,League of Legends,00:43:32
2973,League of Legends,00:43:33
2973,League of Legends,00:43:34
2973,League of Legends,00:43:35
2973,League of Legends,00:43:36
2973,League of Legends,00:43:37
2973,League of Legends,00:43:38
2973,League of Legends,00:43:39
2973,League of Legends,00:43:40
2973,League of Legends,00:43:41
2973,League of Legends,00:43:41
2973,League of Legends,00:43:42
2973,League of Legends,00:43:43
2973,League of Legends,00:43:44
2973,League of Legends,00:43:45
2973,League of Legends,00:43:46
2973,League of Legends,00:43:47
2973,League of Legends,00:43:48
2973,League of Legends,00:43:48
2973,League of Legends,00:43:49
2973,League of Legends,00:43:50
2973,League of Legends,00:43:51
2973,League of Legends,00:43:52
2973,League of Legends,00:43:53
2973,League of Legends,00:43:54
2973,League of Legends,00:43:55
2973,League of Legends,00:43:56
2973,League of Legends,00:43:57
2973,League of Legends,00:43:58
2973,League of Legends,00:43:58
2973,League of Legends,00:43:59
2973,League of Legends,00:44:00
2973,League of Legends,00:44:01
2973,League of Legends,00:44:02
2973,League of Legends,00:44:03
2973,League of Legends,00:44:04
2973,League of Legends,00:44:05
2973,League of Legends,00:44:06
2973,League of Legends,00:44:07
2973,League of Legends,00:44:08
2942,League of Legends,00:44:08
2942,League of Legends,00:44:09
2942,League of Legends,00:44:10
2942,League of Legends,00:44:11
2942,League of Legends,00:44:12
2942,League of Legends,00:44:13
2942,League of Legends,00:44:14
2942,League of Legends,00:44:15
2942,League of Legends,00:44:15
2942,League of Legends,00:44:16
2942,League of Legends,00:44:17
2942,League of Legends,00:44:18
2942,League of Legends,00:44:19
2942,League of Legends,00:44:20
2942,League of Legends,00:44:21
2942,League of Legends,00:44:22
2942,League of Legends,00:44:23
2942,League of Legends,00:44:23
2973,League of Legends,00:44:24
2973,League of Legends,00:44:25
2973,League of Legends,00:44:26
2973,League of Legends,00:44:27
2973,League of Legends,00:44:28
2973,League of Legends,00:44:29
2973,League of Legends,00:44:30
2973,League of Legends,00:44:30
2973,League of Legends,00:44:31
2973,League of Legends,00:44:32
2973,League of Legends,00:44:33
2973,League of Legends,00:44:34
2924,League of Legends,00:44:35
2924,League of Legends,00:44:36
2924,League of Legends,00:44:36
2924,League of Legends,00:44:37
2924,League of Legends,00:44:38
2924,League of Legends,00:44:39
2924,League of Legends,00:44:40
2924,League of Legends,00:44:41
2924,League of Legends,00:44:42
2924,League of Legends,00:44:43
2924,League of Legends,00:44:43
2924,League of Legends,00:44:44
2924,League of Legends,00:44:45
2924,League of Legends,00:44:46
2924,League of Legends,00:44:47
2924,League of Legends,00:44:48
2924,League of Legends,00:44:49
2924,League of Legends,00:44:50
2942,League of Legends,00:44:51
2942,League of Legends,00:44:51
2942,League of Legends,00:44:52
2942,League of Legends,00:44:53
2942,League of Legends,00:44:54
2942,League of Legends,00:44:55
2942,League of Legends,00:44:56
2942,League of Legends,00:44:57
2942,League of Legends,00:44:58
2942,League of Legends,00:44:58
2942,League of Legends,00:44:59
2942,League of Legends,00:45:00
2942,League of Legends,00:45:01
2942,League of Legends,00:45:02
2942,League of Legends,00:45:03
2942,League of Legends,00:45:04
2942,League of Legends,00:45:05
2942,League of Legends,00:45:05
2924,League of Legends,00:45:06
2924,League of Legends,00:45:07
2924,League of Legends,00:45:08
2924,League of Legends,00:45:09
2924,League of Legends,00:45:10
2924,League of Legends,00:45:11
2924,League of Legends,00:45:12
2924,League of Legends,00:45:13
2924,League of Legends,00:45:14
2924,League of Legends,00:45:15
2924,League of Legends,00:45:15
2924,League of Legends,00:45:16
2957,League of Legends,00:45:17
2957,League of Legends,00:45:18
2957,League of Legends,00:45:19
2957,League of Legends,00:45:20
2957,League of Legends,00:45:21
2957,League of Legends,00:45:21
2957,League of Legends,00:45:22
2957,League of Legends,00:45:23
2957,League of Legends,00:45:24
2957,League of Legends,00:45:25
2957,League of Legends,00:45:26
2957,League of Legends,00:45:27
2957,League of Legends,00:45:28
2957,League of Legends,00:45:29
2957,League of Legends,00:45:29
2957,League of Legends,00:45:30
2957,League of Legends,00:45:31
2957,League of Legends,00:45:32
2957,League of Legends,00:45:33
2957,League of Legends,00:45:34
2957,League of Legends,00:45:35
2957,League of Legends,00:45:36
2957,League of Legends,00:45:36
2957,League of Legends,00:45:37
2957,League of Legends,00:45:38
2957,League of Legends,00:45:39
2957,League of Legends,00:45:40
2957,League of Legends,00:45:41
2957,League of Legends,00:45:42
2957,League of Legends,00:45:43
2957,League of Legends,00:45:44
2957,League of Legends,00:45:44
2957,League of Legends,00:45:45
2957,League of Legends,00:45:46
2957,League of Legends,00:45:47
2957,League of Legends,00:45:48
2957,League of Legends,00:45:49
2957,League of Legends,00:45:50
2957,League of Legends,00:45:50
2957,League of Legends,00:45:51
2957,League of Legends,00:45:52
2957,League of Legends,00:45:53
2957,League of Legends,00:45:54
2957,League of Legends,00:45:55
2957,League of Legends,00:45:56
2957,League of Legends,00:45:57
2957,League of Legends,00:45:58
2957,League of Legends,00:45:58
2957,League of Legends,00:45:59
2957,League of Legends,00:46:00
2957,League of Legends,00:46:01
2957,League of Legends,00:46:02
2957,League of Legends,00:46:03
2957,League of Legends,00:46:04
2957,League of Legends,00:46:05
2957,League of Legends,00:46:05
2957,League of Legends,00:46:06
2957,League of Legends,00:46:07
2957,League of Legends,00:46:08
2957,League of Legends,00:46:09
2990,League of Legends,00:46:10
2990,League of Legends,00:46:11
2990,League of Legends,00:46:11
2990,League of Legends,00:46:12
2990,League of Legends,00:46:13
2990,League of Legends,00:46:14
2990,League of Legends,00:46:15
2990,League of Legends,00:46:16
2990,League of Legends,00:46:17
2990,League of Legends,00:46:18
2990,League of Legends,00:46:19
2990,League of Legends,00:46:19
2990,League of Legends,00:46:20
2990,League of Legends,00:46:21
2990,League of Legends,00:46:22
2990,League of Legends,00:46:23
2990,League of Legends,00:46:24
2990,League of Legends,00:46:25
2990,League of Legends,00:46:26
2990,League of Legends,00:46:26
2990,League of Legends,00:46:27
2990,League of Legends,00:46:28
2990,League of Legends,00:46:29
2990,League of Legends,00:46:30
2990,League of Legends,00:46:31
2990,League of Legends,00:46:32
2990,League of Legends,00:46:33
2990,League of Legends,00:46:33
2990,League of Legends,00:46:34
2990,League of Legends,00:46:35
2990,League of Legends,00:46:36
2990,League of Legends,00:46:37
2990,League of Legends,00:46:38
2990,League of Legends,00:46:39
2990,League of Legends,00:46:40
2990,League of Legends,00:46:40
2990,League of Legends,00:46:41
2990,League of Legends,00:46:42
2990,League of Legends,00:46:43
2990,League of Legends,00:46:44
2990,League of Legends,00:46:45
2990,League of Legends,00:46:46
2990,League of Legends,00:46:47
2990,League of Legends,00:46:47
2990,League of Legends,00:46:48
2990,League of Legends,00:46:49
2990,League of Legends,00:46:50
2990,League of Legends,00:46:51
2990,League of Legends,00:46:52
2990,League of Legends,00:46:53
2990,League of Legends,00:46:54
2990,League of Legends,00:46:54
2990,League of Legends,00:46:55
2990,League of Legends,00:46:56
2990,League of Legends,00:46:57
2990,League of Legends,00:46:58
2990,League of Legends,00:46:59
2990,League of Legends,00:47:00
2990,League of Legends,00:47:01
2990,League of Legends,00:47:01
2990,League of Legends,00:47:02
2990,League of Legends,00:47:03
2990,League of Legends,00:47:04
2990,League of Legends,00:47:05
2990,League of Legends,00:47:06
2990,League of Legends,00:47:07
3004,League of Legends,00:47:08
3004,League of Legends,00:47:09
3004,League of Legends,00:47:09
3004,League of Legends,00:47:10
3004,League of Legends,00:47:11
3004,League of Legends,00:47:12
3004,League of Legends,00:47:13
3004,League of Legends,00:47:14
3004,League of Legends,00:47:15
3004,League of Legends,00:47:16
3004,League of Legends,00:47:16
3004,League of Legends,00:47:17
3004,League of Legends,00:47:18
3004,League of Legends,00:47:19
3004,League of Legends,00:47:20
3004,League of Legends,00:47:21
3004,League of Legends,00:47:22
3004,League of Legends,00:47:23
3004,League of Legends,00:47:23
3004,League of Legends,00:47:24
3004,League of Legends,00:47:25
3004,League of Legends,00:47:26
3004,League of Legends,00:47:27
3004,League of Legends,00:47:28
3004,League of Legends,00:47:29
3004,League of Legends,00:47:30
3004,League of Legends,00:47:30
3004,League of Legends,00:47:31
3004,League of Legends,00:47:32
3004,League of Legends,00:47:33
3004,League of Legends,00:47:34
3004,League of Legends,00:47:35
3004,League of Legends,00:47:36
3004,League of Legends,00:47:37
3004,League of Legends,00:47:37
3004,League of Legends,00:47:38
2983,League of Legends,00:47:39
2983,League of Legends,00:47:40
2983,League of Legends,00:47:41
2983,League of Legends,00:47:42
2983,League of Legends,00:47:43
2983,League of Legends,00:47:44
2983,League of Legends,00:47:44
2983,League of Legends,00:47:45
2983,League of Legends,00:47:46
2983,League of Legends,00:47:47
2983,League of Legends,00:47:48
2983,League of Legends,00:47:49
2983,League of Legends,00:47:50
2983,League of Legends,00:47:51
2983,League of Legends,00:47:51
2983,League of Legends,00:47:52
2983,League of Legends,00:47:53
2983,League of Legends,00:47:54
2983,League of Legends,00:47:55
2983,League of Legends,00:47:56
2983,League of Legends,00:47:57
2983,League of Legends,00:47:58
2983,League of Legends,00:47:58
2983,League of Legends,00:47:59
2983,League of Legends,00:48:00
2983,League of Legends,00:48:01
2983,League of Legends,00:48:02
2983,League of Legends,00:48:03
2983,League of Legends,00:48:04
2983,League of Legends,00:48:04
3004,League of Legends,00:48:05
3004,League of Legends,00:48:06
3004,League of Legends,00:48:07
3004,League of Legends,00:48:08
3004,League of Legends,00:48:09
3004,League of Legends,00:48:10
3004,League of Legends,00:48:11
3004,League of Legends,00:48:12
3004,League of Legends,00:48:12
3004,League of Legends,00:48:13
3004,League of Legends,00:48:14
3004,League of Legends,00:48:15
3004,League of Legends,00:48:16
3004,League of Legends,00:48:17
3004,League of Legends,00:48:18
3004,League of Legends,00:48:18
3004,League of Legends,00:48:19
3004,League of Legends,00:48:20
2979,League of Legends,00:48:21
2979,League of Legends,00:48:22
2979,League of Legends,00:48:23
2979,League of Legends,00:48:24
2979,League of Legends,00:48:25
2979,League of Legends,00:48:25
2979,League of Legends,00:48:26
2979,League of Legends,00:48:27
2979,League of Legends,00:48:28
2979,League of Legends,00:48:29
2979,League of Legends,00:48:30
2979,League of Legends,00:48:31
2979,League of Legends,00:48:32
2979,League of Legends,00:48:33
2979,League of Legends,00:48:33
2979,League of Legends,00:48:34
2979,League of Legends,00:48:35
2979,League of Legends,00:48:36
2979,League of Legends,00:48:37
2979,League of Legends,00:48:38
2979,League of Legends,00:48:39
2979,League of Legends,00:48:40
2979,League of Legends,00:48:45
2979,League of Legends,00:48:46
2979,League of Legends,00:48:47
2979,League of Legends,00:48:48
2979,League of Legends,00:48:48
2979,League of Legends,00:48:49
2979,League of Legends,00:48:50
2979,League of Legends,00:48:51
2979,League of Legends,00:48:52
2979,League of Legends,00:48:53
2979,League of Legends,00:48:54
2979,League of Legends,00:48:55
2979,League of Legends,00:48:55
2979,League of Legends,00:48:56
2979,League of Legends,00:48:57
2979,League of Legends,00:48:58
2979,League of Legends,00:48:59
2979,League of Legends,00:49:00
2979,League of Legends,00:49:01
2979,League of Legends,00:49:02
2979,League of Legends,00:49:03
2979,League of Legends,00:49:03
2979,League of Legends,00:49:04
2979,League of Legends,00:49:05
2967,League of Legends,00:49:06
2967,League of Legends,00:49:07
2967,League of Legends,00:49:08
2967,League of Legends,00:49:09
2967,League of Legends,00:49:10
2967,League of Legends,00:49:10
2967,League of Legends,00:49:11
2967,League of Legends,00:49:12
2967,League of Legends,00:49:13
2967,League of Legends,00:49:14
2967,League of Legends,00:49:15
2967,League of Legends,00:49:16
2967,League of Legends,00:49:17
2967,League of Legends,00:49:17
2967,League of Legends,00:49:18
2967,League of Legends,00:49:19
2967,League of Legends,00:49:20
2967,League of Legends,00:49:21
2967,League of Legends,00:49:22
2967,League of Legends,00:49:23
2967,League of Legends,00:49:24
2967,League of Legends,00:49:24
2967,League of Legends,00:49:25
2967,League of Legends,00:49:26
2967,League of Legends,00:49:27
2967,League of Legends,00:49:28
2967,League of Legends,00:49:29
2967,League of Legends,00:49:30
2967,League of Legends,00:49:31
2967,League of Legends,00:49:31
2967,League of Legends,00:49:32
2967,League of Legends,00:49:33
2967,League of Legends,00:49:34
2967,League of Legends,00:49:35
2967,League of Legends,00:49:36
2967,League of Legends,00:49:37
2996,League of Legends,00:49:38
2996,League of Legends,00:49:39
2996,League of Legends,00:49:39
2996,League of Legends,00:49:40
2996,League of Legends,00:49:41
2996,League of Legends,00:49:42
2996,League of Legends,00:49:43
2996,League of Legends,00:49:44
2996,League of Legends,00:49:45
2996,League of Legends,00:49:46
2996,League of Legends,00:49:46
2996,League of Legends,00:49:47
2996,League of Legends,00:49:48
2996,League of Legends,00:49:49
2996,League of Legends,00:49:50
2996,League of Legends,00:49:51
2996,League of Legends,00:49:52
2996,League of Legends,00:49:53
2996,League of Legends,00:49:54
2996,League of Legends,00:49:54
2996,League of Legends,00:49:55
2996,League of Legends,00:49:56
2996,League of Legends,00:49:57
2996,League of Legends,00:49:58
2996,League of Legends,00:49:59
2996,League of Legends,00:50:00
2996,League of Legends,00:50:01
2996,League of Legends,00:50:02
2996,League of Legends,00:50:03
2996,League of Legends,00:50:03
2996,League of Legends,00:50:04
2996,League of Legends,00:50:05
2996,League of Legends,00:50:06
2996,League of Legends,00:50:07
2996,League of Legends,00:50:08
2996,League of Legends,00:50:09
2996,League of Legends,00:50:10
2996,League of Legends,00:50:10
2996,League of Legends,00:50:11
2996,League of Legends,00:50:12
2996,League of Legends,00:50:13
2996,League of Legends,00:50:14
2996,League of Legends,00:50:15
2996,League of Legends,00:50:16
2996,League of Legends,00:50:17
2996,League of Legends,00:50:17
2996,League of Legends,00:50:18
2996,League of Legends,00:50:19
2996,League of Legends,00:50:20
2996,League of Legends,00:50:21
2996,League of Legends,00:50:22
2996,League of Legends,00:50:23
2996,League of Legends,00:50:24
2996,League of Legends,00:50:24
2998,League of Legends,00:50:25
2998,League of Legends,00:50:26
2998,League of Legends,00:50:27
2998,League of Legends,00:50:28
2998,League of Legends,00:50:29
2998,League of Legends,00:50:30
2998,League of Legends,00:50:31
2998,League of Legends,00:50:31
2998,League of Legends,00:50:32
2998,League of Legends,00:50:33
2998,League of Legends,00:50:34
2998,League of Legends,00:50:35
2998,League of Legends,00:50:36
2998,League of Legends,00:50:37
2998,League of Legends,00:50:38
2998,League of Legends,00:50:39
2998,League of Legends,00:50:40
2998,League of Legends,00:50:41
2998,League of Legends,00:50:41
2998,League of Legends,00:50:42
2998,League of Legends,00:50:43
2998,League of Legends,00:50:44
2998,League of Legends,00:50:45
2998,League of Legends,00:50:46
2998,League of Legends,00:50:47
2998,League of Legends,00:50:48
2998,League of Legends,00:50:48
2998,League of Legends,00:50:49
2998,League of Legends,00:50:50
2998,League of Legends,00:50:51
2998,League of Legends,00:50:52
2998,League of Legends,00:50:53
2998,League of Legends,00:50:54
2998,League of Legends,00:50:55
2998,League of Legends,00:50:55
2998,League of Legends,00:50:56
2998,League of Legends,00:50:57
2998,League of Legends,00:50:58
2998,League of Legends,00:50:59
2998,League of Legends,00:51:00
2998,League of Legends,00:51:01
2998,League of Legends,00:51:02
2998,League of Legends,00:51:02
2998,League of Legends,00:51:03
2998,League of Legends,00:51:04
2998,League of Legends,00:51:05
2998,League of Legends,00:51:06
2998,League of Legends,00:51:07
3030,League of Legends,00:51:08
3030,League of Legends,00:51:09
3030,League of Legends,00:51:09
3030,League of Legends,00:51:10
3030,League of Legends,00:51:11
3030,League of Legends,00:51:12
3030,League of Legends,00:51:13
3030,League of Legends,00:51:14
3030,League of Legends,00:51:15
3030,League of Legends,00:51:16
3030,League of Legends,00:51:16
3030,League of Legends,00:51:17
3030,League of Legends,00:51:18
3030,League of Legends,00:51:19
3030,League of Legends,00:51:20
3030,League of Legends,00:51:21
3030,League of Legends,00:51:22
3030,League of Legends,00:51:23
3030,League of Legends,00:51:24
3030,League of Legends,00:51:24
3030,League of Legends,00:51:25
3030,League of Legends,00:51:26
3030,League of Legends,00:51:27
3030,League of Legends,00:51:28
3030,League of Legends,00:51:29
3030,League of Legends,00:51:30
3030,League of Legends,00:51:31
3030,League of Legends,00:51:31
3030,League of Legends,00:51:32
3030,League of Legends,00:51:33
3030,League of Legends,00:51:34
3030,League of Legends,00:51:35
3030,League of Legends,00:51:36
3030,League of Legends,00:51:37
3030,League of Legends,00:51:38
3030,League of Legends,00:51:39
3030,League of Legends,00:51:40
3030,League of Legends,00:51:41
3030,League of Legends,00:51:41
3030,League of Legends,00:51:42
3030,League of Legends,00:51:43
3030,League of Legends,00:51:44
3030,League of Legends,00:51:45
3030,League of Legends,00:51:46
3030,League of Legends,00:51:47
3030,League of Legends,00:51:48
3030,League of Legends,00:51:48
3030,League of Legends,00:51:49
3030,League of Legends,00:51:50
3030,League of Legends,00:51:51
3030,League of Legends,00:51:52
3030,League of Legends,00:51:53
3030,League of Legends,00:51:54
3030,League of Legends,00:51:55
3030,League of Legends,00:51:55
3030,League of Legends,00:51:56
3030,League of Legends,00:51:57
3030,League of Legends,00:51:58
3030,League of Legends,00:51:59
3030,League of Legends,00:52:00
3030,League of Legends,00:52:01
3030,League of Legends,00:52:02
3030,League of Legends,00:52:02
3030,League of Legends,00:52:03
3030,League of Legends,00:52:04
3030,League of Legends,00:52:05
3030,League of Legends,00:52:06
3030,League of Legends,00:52:07
3030,League of Legends,00:52:08
3030,League of Legends,00:52:09
3030,League of Legends,00:52:09
3030,League of Legends,00:52:10
3046,League of Legends,00:52:12
3046,League of Legends,00:52:12
3046,League of Legends,00:52:13
3046,League of Legends,00:52:14
3046,League of Legends,00:52:15
3046,League of Legends,00:52:16
3046,League of Legends,00:52:17
3046,League of Legends,00:52:18
3046,League of Legends,00:52:19
3046,League of Legends,00:52:19
3046,League of Legends,00:52:20
3046,League of Legends,00:52:21
3046,League of Legends,00:52:22
3046,League of Legends,00:52:23
3046,League of Legends,00:52:24
3046,League of Legends,00:52:25
3046,League of Legends,00:52:26
3046,League of Legends,00:52:26
3046,League of Legends,00:52:27
3046,League of Legends,00:52:28
3046,League of Legends,00:52:29
3046,League of Legends,00:52:30
3046,League of Legends,00:52:31
3046,League of Legends,00:52:32
3046,League of Legends,00:52:33
3046,League of Legends,00:52:34
3046,League of Legends,00:52:34
3046,League of Legends,00:52:35
3046,League of Legends,00:52:36
3046,League of Legends,00:52:37
3030,League of Legends,00:52:38
3030,League of Legends,00:52:39
3030,League of Legends,00:52:40
3030,League of Legends,00:52:41
3030,League of Legends,00:52:41
3030,League of Legends,00:52:42
3030,League of Legends,00:52:43
3030,League of Legends,00:52:44
3030,League of Legends,00:52:45
3030,League of Legends,00:52:46
3030,League of Legends,00:52:47
3030,League of Legends,00:52:48
3030,League of Legends,00:52:48
3030,League of Legends,00:52:49
2663,League of Legends,00:54:29
2663,League of Legends,00:54:30
2663,League of Legends,00:54:31
2663,League of Legends,00:54:32
2663,League of Legends,00:54:33
2663,League of Legends,00:54:34
2663,League of Legends,00:54:35
2663,League of Legends,00:54:35
2663,League of Legends,00:54:36
2663,League of Legends,00:54:37
2663,League of Legends,00:54:38
2663,League of Legends,00:54:39
2663,League of Legends,00:54:40
2663,League of Legends,00:54:41
2663,League of Legends,00:54:42
2663,League of Legends,00:54:42
2663,League of Legends,00:54:43
2663,League of Legends,00:54:44
2663,League of Legends,00:54:45
2663,League of Legends,00:54:46
2663,League of Legends,00:54:47
2663,League of Legends,00:54:48
2663,League of Legends,00:54:49
2663,League of Legends,00:54:49
2663,League of Legends,00:54:50
2663,League of Legends,00:54:51
2663,League of Legends,00:54:52
2663,League of Legends,00:54:53
2663,League of Legends,00:54:54
2663,League of Legends,00:54:55
2622,League of Legends,00:54:56
2622,League of Legends,00:54:57
2622,League of Legends,00:54:57
2622,League of Legends,00:54:58
2622,League of Legends,00:54:59
2622,League of Legends,00:55:00
2622,League of Legends,00:55:01
2622,League of Legends,00:55:02
2622,League of Legends,00:55:03
2622,League of Legends,00:55:04
2622,League of Legends,00:55:04
2622,League of Legends,00:55:05
2622,League of Legends,00:55:06
2622,League of Legends,00:55:07
2622,League of Legends,00:55:08
2622,League of Legends,00:55:09
2622,League of Legends,00:55:10
2622,League of Legends,00:55:11
2622,League of Legends,00:55:12
2622,League of Legends,00:55:12
2622,League of Legends,00:55:13
2622,League of Legends,00:55:14
2622,League of Legends,00:55:15
2622,League of Legends,00:55:16
2622,League of Legends,00:55:17
2622,League of Legends,00:55:18
2622,League of Legends,00:55:19
2622,League of Legends,00:55:20
2622,League of Legends,00:55:21
2622,League of Legends,00:55:22
2622,League of Legends,00:55:22
2622,League of Legends,00:55:23
2622,League of Legends,00:55:24
2622,League of Legends,00:55:25
2622,League of Legends,00:55:26
2622,League of Legends,00:55:27
2622,League of Legends,00:55:28
2622,League of Legends,00:55:29
2622,League of Legends,00:55:29
2622,League of Legends,00:55:30
2622,League of Legends,00:55:31
2622,League of Legends,00:55:32
2622,League of Legends,00:55:33
2622,League of Legends,00:55:34
2622,League of Legends,00:55:35
2622,League of Legends,00:55:36
2622,League of Legends,00:55:36
2622,League of Legends,00:55:37
2613,League of Legends,00:55:38
2613,League of Legends,00:55:39
2613,League of Legends,00:55:40
2613,League of Legends,00:55:41
2613,League of Legends,00:55:42
2613,League of Legends,00:55:43
2613,League of Legends,00:55:43
2613,League of Legends,00:55:44
2613,League of Legends,00:55:45
2613,League of Legends,00:55:46
2613,League of Legends,00:55:47
2613,League of Legends,00:55:48
2613,League of Legends,00:55:49
2613,League of Legends,00:55:50
2613,League of Legends,00:55:50
2613,League of Legends,00:55:51
2613,League of Legends,00:55:52
2613,League of Legends,00:55:53
2613,League of Legends,00:55:54
2613,League of Legends,00:55:55
2613,League of Legends,00:55:56
2613,League of Legends,00:55:57
2613,League of Legends,00:55:58
2613,League of Legends,00:55:58
2613,League of Legends,00:55:59
2613,League of Legends,00:56:00
2613,League of Legends,00:56:01
2613,League of Legends,00:56:02
2613,League of Legends,00:56:03
2613,League of Legends,00:56:04
2613,League of Legends,00:56:05
2613,League of Legends,00:56:06
2613,League of Legends,00:56:06
2613,League of Legends,00:56:07
2613,League of Legends,00:56:08
2613,League of Legends,00:56:09
2613,League of Legends,00:56:10
2613,League of Legends,00:56:11
2613,League of Legends,00:56:12
2613,League of Legends,00:56:13
2613,League of Legends,00:56:13
2613,League of Legends,00:56:14
2613,League of Legends,00:56:15
2613,League of Legends,00:56:16
2613,League of Legends,00:56:17
2613,League of Legends,00:56:18
2613,League of Legends,00:56:19
2613,League of Legends,00:56:20
2613,League of Legends,00:56:20
2613,League of Legends,00:56:21
2613,League of Legends,00:56:22
2613,League of Legends,00:56:23
2613,League of Legends,00:56:24
2613,League of Legends,00:56:25
2627,League of Legends,00:56:26
2627,League of Legends,00:56:27
2627,League of Legends,00:56:27
2627,League of Legends,00:56:28
2627,League of Legends,00:56:29
2627,League of Legends,00:56:30
2627,League of Legends,00:56:31
2627,League of Legends,00:56:32
2627,League of Legends,00:56:33
2627,League of Legends,00:56:34
2627,League of Legends,00:56:34
2627,League of Legends,00:56:35
2627,League of Legends,00:56:36
2627,League of Legends,00:56:37
2627,League of Legends,00:56:38
2627,League of Legends,00:56:39
2627,League of Legends,00:56:40
2627,League of Legends,00:56:41
2627,League of Legends,00:56:42
2627,League of Legends,00:56:42
2627,League of Legends,00:56:43
2627,League of Legends,00:56:44
2627,League of Legends,00:56:45
2627,League of Legends,00:56:46
2627,League of Legends,00:56:47
2627,League of Legends,00:56:48
2627,League of Legends,00:56:49
2627,League of Legends,00:56:50
2627,League of Legends,00:56:51
2627,League of Legends,00:56:51
2627,League of Legends,00:56:52
2627,League of Legends,00:56:53
2627,League of Legends,00:56:54
2627,League of Legends,00:56:55
2627,League of Legends,00:56:56
2627,League of Legends,00:56:57
2627,League of Legends,00:56:58
2627,League of Legends,00:56:58
2627,League of Legends,00:56:59
2627,League of Legends,00:57:00
2627,League of Legends,00:57:01
2627,League of Legends,00:57:02
2627,League of Legends,00:57:03
2627,League of Legends,00:57:04
2627,League of Legends,00:57:05
2627,League of Legends,00:57:05
2627,League of Legends,00:57:06
2627,League of Legends,00:57:07
2627,League of Legends,00:57:08
2627,League of Legends,00:57:09
2627,League of Legends,00:57:10
2627,League of Legends,00:57:11
2627,League of Legends,00:57:12
2627,League of Legends,00:57:12
2627,League of Legends,00:57:13
2627,League of Legends,00:57:14
2627,League of Legends,00:57:15
2627,League of Legends,00:57:16
2627,League of Legends,00:57:17
2627,League of Legends,00:57:18
2627,League of Legends,00:57:19
2627,League of Legends,00:57:19
2627,League of Legends,00:57:20
2627,League of Legends,00:57:21
2627,League of Legends,00:57:22
2627,League of Legends,00:57:23
2595,League of Legends,00:57:24
2595,League of Legends,00:57:25
2595,League of Legends,00:57:26
2595,League of Legends,00:57:26
2595,League of Legends,00:57:27
2595,League of Legends,00:57:28
2595,League of Legends,00:57:29
2595,League of Legends,00:57:30
2595,League of Legends,00:57:31
2595,League of Legends,00:57:32
2595,League of Legends,00:57:33
2595,League of Legends,00:57:33
2595,League of Legends,00:57:34
2595,League of Legends,00:57:35
2595,League of Legends,00:57:36
2595,League of Legends,00:57:37
2595,League of Legends,00:57:38
2595,League of Legends,00:57:39
2627,League of Legends,00:57:40
2627,League of Legends,00:57:40
2627,League of Legends,00:57:41
2627,League of Legends,00:57:42
2627,League of Legends,00:57:43
2627,League of Legends,00:57:44
2627,League of Legends,00:57:45
2627,League of Legends,00:57:46
2627,League of Legends,00:57:47
2627,League of Legends,00:57:48
2627,League of Legends,00:57:48
2627,League of Legends,00:57:49
2627,League of Legends,00:57:50
2627,League of Legends,00:57:51
2627,League of Legends,00:57:52
2627,League of Legends,00:57:53
2627,League of Legends,00:57:54
2627,League of Legends,00:57:55
2582,League of Legends,00:57:55
2582,League of Legends,00:57:56
2582,League of Legends,00:57:57
2582,League of Legends,00:57:58
2582,League of Legends,00:57:59
2582,League of Legends,00:58:00
2582,League of Legends,00:58:01
2582,League of Legends,00:58:02
2582,League of Legends,00:58:02
2582,League of Legends,00:58:03
2582,League of Legends,00:58:04
2582,League of Legends,00:58:05
2582,League of Legends,00:58:06
2582,League of Legends,00:58:07
2582,League of Legends,00:58:08
2582,League of Legends,00:58:09
2582,League of Legends,00:58:10
2582,League of Legends,00:58:11
2582,League of Legends,00:58:11
2582,League of Legends,00:58:12
2582,League of Legends,00:58:13
2582,League of Legends,00:58:14
2582,League of Legends,00:58:15
2582,League of Legends,00:58:16
2582,League of Legends,00:58:17
2582,League of Legends,00:58:18
2582,League of Legends,00:58:18
2582,League of Legends,00:58:19
2582,League of Legends,00:58:20
2582,League of Legends,00:58:21
2582,League of Legends,00:58:22
2582,League of Legends,00:58:23
2582,League of Legends,00:58:24
2582,League of Legends,00:58:25
2582,League of Legends,00:58:26
2582,League of Legends,00:58:26
2582,League of Legends,00:58:27
2582,League of Legends,00:58:28
2582,League of Legends,00:58:29
2582,League of Legends,00:58:30
2582,League of Legends,00:58:31
2582,League of Legends,00:58:32
2582,League of Legends,00:58:33
2582,League of Legends,00:58:33
2582,League of Legends,00:58:34
2582,League of Legends,00:58:35
2582,League of Legends,00:58:36
2582,League of Legends,00:58:37
2582,League of Legends,00:58:38
2582,League of Legends,00:58:39
2582,League of Legends,00:58:40
2582,League of Legends,00:58:41
2582,League of Legends,00:58:42
2582,League of Legends,00:58:42
2582,League of Legends,00:58:43
2582,League of Legends,00:58:44
2582,League of Legends,00:58:45
2582,League of Legends,00:58:46
2582,League of Legends,00:58:47
2582,League of Legends,00:58:48
2582,League of Legends,00:58:49
2582,League of Legends,00:58:49
2582,League of Legends,00:58:50
2582,League of Legends,00:58:51
2582,League of Legends,00:58:52
2582,League of Legends,00:58:53
2563,League of Legends,00:58:54
2563,League of Legends,00:58:55
2563,League of Legends,00:58:56
2563,League of Legends,00:58:56
2563,League of Legends,00:58:57
2563,League of Legends,00:58:58
2563,League of Legends,00:58:59
2563,League of Legends,00:59:00
2563,League of Legends,00:59:01
2563,League of Legends,00:59:02
2563,League of Legends,00:59:03
2563,League of Legends,00:59:03
2563,League of Legends,00:59:04
2563,League of Legends,00:59:05
2563,League of Legends,00:59:06
2563,League of Legends,00:59:07
2563,League of Legends,00:59:08
2563,League of Legends,00:59:09
2532,League of Legends,00:59:10
2532,League of Legends,00:59:11
2532,League of Legends,00:59:11
2532,League of Legends,00:59:12
2532,League of Legends,00:59:13
2532,League of Legends,00:59:14
2532,League of Legends,00:59:15
2532,League of Legends,00:59:16
2532,League of Legends,00:59:17
2532,League of Legends,00:59:18
2532,League of Legends,00:59:18
2532,League of Legends,00:59:19
2532,League of Legends,00:59:20
2532,League of Legends,00:59:21
2532,League of Legends,00:59:22
2532,League of Legends,00:59:23
2532,League of Legends,00:59:24
2532,League of Legends,00:59:24
2532,League of Legends,00:59:25
2532,League of Legends,00:59:26
2532,League of Legends,00:59:27
2532,League of Legends,00:59:28
2532,League of Legends,00:59:29
2532,League of Legends,00:59:30
2532,League of Legends,00:59:31
2532,League of Legends,00:59:31
2532,League of Legends,00:59:32
2532,League of Legends,00:59:33
2532,League of Legends,00:59:34
2532,League of Legends,00:59:35
2532,League of Legends,00:59:36
2532,League of Legends,00:59:37
2532,League of Legends,00:59:38
2532,League of Legends,00:59:38
2532,League of Legends,00:59:39
2532,League of Legends,00:59:40
2532,League of Legends,00:59:41
2532,League of Legends,00:59:42
2532,League of Legends,00:59:43
2532,League of Legends,00:59:44
2532,League of Legends,00:59:45
2532,League of Legends,00:59:46
2532,League of Legends,00:59:46
2532,League of Legends,00:59:47
2532,League of Legends,00:59:48
2532,League of Legends,00:59:49
2532,League of Legends,00:59:50
2532,League of Legends,00:59:51
2532,League of Legends,00:59:52
2532,League of Legends,00:59:53
2532,League of Legends,00:59:53
2532,League of Legends,00:59:54
2532,League of Legends,00:59:55
2532,League of Legends,00:59:56
2532,League of Legends,00:59:57
2532,League of Legends,00:59:58
2532,League of Legends,00:59:59
2532,League of Legends,01:00:00
2532,League of Legends,01:00:00
2532,League of Legends,01:00:01
2532,League of Legends,01:00:02
2532,League of Legends,01:00:03
2532,League of Legends,01:00:04
2532,League of Legends,01:00:05
2532,League of Legends,01:00:06
2532,League of Legends,01:00:07
2532,League of Legends,01:00:08
2532,League of Legends,01:00:09
2532,League of Legends,01:00:09
2532,League of Legends,01:00:10
2532,League of Legends,01:00:11
2532,League of Legends,01:00:12
2532,League of Legends,01:00:13
2532,League of Legends,01:00:14
2532,League of Legends,01:00:15
2532,League of Legends,01:00:16
2532,League of Legends,01:00:16
2532,League of Legends,01:00:17
2532,League of Legends,01:00:18
2532,League of Legends,01:00:19
2532,League of Legends,01:00:20
2532,League of Legends,01:00:21
2532,League of Legends,01:00:22
2532,League of Legends,01:00:23
2532,League of Legends,01:00:23
2532,League of Legends,01:00:24
2532,League of Legends,01:00:25
2532,League of Legends,01:00:26
2532,League of Legends,01:00:27
2532,League of Legends,01:00:28
2532,League of Legends,01:00:29
2532,League of Legends,01:00:30
2532,League of Legends,01:00:30
2532,League of Legends,01:00:31
2532,League of Legends,01:00:32
2532,League of Legends,01:00:33
2532,League of Legends,01:00:34
2532,League of Legends,01:00:35
2532,League of Legends,01:00:36
2532,League of Legends,01:00:37
2532,League of Legends,01:00:37
2532,League of Legends,01:00:38
2532,League of Legends,01:00:39
2532,League of Legends,01:00:40
2532,League of Legends,01:00:41
2532,League of Legends,01:00:42
2532,League of Legends,01:00:43
2532,League of Legends,01:00:43
2532,League of Legends,01:00:45
2532,League of Legends,01:00:46
2532,League of Legends,01:00:46
2532,League of Legends,01:00:47
2532,League of Legends,01:00:48
2532,League of Legends,01:00:49
2532,League of Legends,01:00:50
2532,League of Legends,01:00:51
2532,League of Legends,01:00:52
2532,League of Legends,01:00:53
2532,League of Legends,01:00:53
2532,League of Legends,01:00:54
2532,League of Legends,01:00:55
2532,League of Legends,01:00:56
2532,League of Legends,01:00:57
2532,League of Legends,01:00:58
2532,League of Legends,01:00:59
2532,League of Legends,01:01:00
2532,League of Legends,01:01:01
2532,League of Legends,01:01:01
2532,League of Legends,01:01:02
2532,League of Legends,01:01:03
2532,League of Legends,01:01:04
2532,League of Legends,01:01:05
2532,League of Legends,01:01:06
2532,League of Legends,01:01:07
2532,League of Legends,01:01:08
2532,League of Legends,01:01:08
2532,League of Legends,01:01:09
2532,League of Legends,01:01:10
2545,League of Legends,01:01:12
2545,League of Legends,01:01:12
2545,League of Legends,01:01:13
2545,League of Legends,01:01:14
2545,League of Legends,01:01:15
2545,League of Legends,01:01:16
2545,League of Legends,01:01:17
2545,League of Legends,01:01:18
2545,League of Legends,01:01:19
2545,League of Legends,01:01:19
2545,League of Legends,01:01:20
2545,League of Legends,01:01:21
2545,League of Legends,01:01:22
2545,League of Legends,01:01:23
2545,League of Legends,01:01:24
2545,League of Legends,01:01:25
2545,League of Legends,01:01:26
2545,League of Legends,01:01:26
2548,League of Legends,01:01:27
2548,League of Legends,01:01:28
2548,League of Legends,01:01:29
2548,League of Legends,01:01:30
2548,League of Legends,01:01:31
2548,League of Legends,01:01:32
2548,League of Legends,01:01:33
2548,League of Legends,01:01:34
2548,League of Legends,01:01:34
2548,League of Legends,01:01:35
2548,League of Legends,01:01:36
2548,League of Legends,01:01:37
2548,League of Legends,01:01:38
2548,League of Legends,01:01:39
2548,League of Legends,01:01:40
2548,League of Legends,01:01:40
2548,League of Legends,01:01:41
2548,League of Legends,01:01:42
2548,League of Legends,01:01:43
2548,League of Legends,01:01:44
2548,League of Legends,01:01:45
2548,League of Legends,01:01:46
2548,League of Legends,01:01:47
2548,League of Legends,01:01:48
2548,League of Legends,01:01:48
2548,League of Legends,01:01:49
2548,League of Legends,01:01:50
2548,League of Legends,01:01:51
2548,League of Legends,01:01:52
2548,League of Legends,01:01:53
2548,League of Legends,01:01:54
2548,League of Legends,01:01:55
2548,League of Legends,01:01:55
2548,League of Legends,01:01:56
2548,League of Legends,01:01:57
2548,League of Legends,01:01:58
2548,League of Legends,01:01:59
2548,League of Legends,01:02:00
2548,League of Legends,01:02:01
2548,League of Legends,01:02:02
2548,League of Legends,01:02:02
2548,League of Legends,01:02:03
2548,League of Legends,01:02:04
2548,League of Legends,01:02:05
2548,League of Legends,01:02:06
2548,League of Legends,01:02:07
2548,League of Legends,01:02:08
2548,League of Legends,01:02:09
2540,League of Legends,01:02:10
2540,League of Legends,01:02:10
2540,League of Legends,01:02:11
2540,League of Legends,01:02:12
2540,League of Legends,01:02:13
2540,League of Legends,01:02:14
2540,League of Legends,01:02:15
2540,League of Legends,01:02:16
2540,League of Legends,01:02:17
2540,League of Legends,01:02:17
2540,League of Legends,01:02:18
2540,League of Legends,01:02:19
2540,League of Legends,01:02:20
2540,League of Legends,01:02:21
2540,League of Legends,01:02:22
2540,League of Legends,01:02:23
2540,League of Legends,01:02:24
2540,League of Legends,01:02:24
2540,League of Legends,01:02:25
2540,League of Legends,01:02:26
2540,League of Legends,01:02:27
2540,League of Legends,01:02:28
2540,League of Legends,01:02:29
2540,League of Legends,01:02:30
2540,League of Legends,01:02:31
2540,League of Legends,01:02:31
2540,League of Legends,01:02:32
2540,League of Legends,01:02:33
2540,League of Legends,01:02:34
2540,League of Legends,01:02:35
2540,League of Legends,01:02:36
2540,League of Legends,01:02:37
2540,League of Legends,01:02:38
2540,League of Legends,01:02:38
2540,League of Legends,01:02:39
2540,League of Legends,01:02:40
2540,League of Legends,01:02:41
2540,League of Legends,01:02:42
2540,League of Legends,01:02:43
2540,League of Legends,01:02:44
2540,League of Legends,01:02:45
2540,League of Legends,01:02:46
2540,League of Legends,01:02:46
2540,League of Legends,01:02:47
2540,League of Legends,01:02:48
2540,League of Legends,01:02:49
2540,League of Legends,01:02:50
2540,League of Legends,01:02:51
2540,League of Legends,01:02:52
2540,League of Legends,01:02:53
2540,League of Legends,01:02:54
2540,League of Legends,01:02:55
2540,League of Legends,01:02:56
2540,League of Legends,01:02:57
2549,League of Legends,01:02:58
2549,League of Legends,01:02:59
2549,League of Legends,01:02:59
2549,League of Legends,01:03:00
2549,League of Legends,01:03:01
2549,League of Legends,01:03:02
2549,League of Legends,01:03:03
2549,League of Legends,01:03:04
2549,League of Legends,01:03:05
2549,League of Legends,01:03:06
2549,League of Legends,01:03:06
2549,League of Legends,01:03:07
2549,League of Legends,01:03:08
2549,League of Legends,01:03:09
2549,League of Legends,01:03:10
2549,League of Legends,01:03:11
2549,League of Legends,01:03:12
2549,League of Legends,01:03:13
2549,League of Legends,01:03:13
2549,League of Legends,01:03:14
2549,League of Legends,01:03:15
2549,League of Legends,01:03:16
2549,League of Legends,01:03:17
2549,League of Legends,01:03:18
2549,League of Legends,01:03:19
2549,League of Legends,01:03:20
2549,League of Legends,01:03:21
2549,League of Legends,01:03:22
2549,League of Legends,01:03:23
2549,League of Legends,01:03:23
2549,League of Legends,01:03:24
2549,League of Legends,01:03:25
2549,League of Legends,01:03:26
2549,League of Legends,01:03:27
2549,League of Legends,01:03:28
2549,League of Legends,01:03:29
2549,League of Legends,01:03:30
2549,League of Legends,01:03:31
2549,League of Legends,01:03:31
2549,League of Legends,01:03:32
2549,League of Legends,01:03:33
2549,League of Legends,01:03:34
2549,League of Legends,01:03:35
2549,League of Legends,01:03:36
2549,League of Legends,01:03:37
2549,League of Legends,01:03:38
2549,League of Legends,01:03:38
2549,League of Legends,01:03:39
2546,League of Legends,01:03:40
2546,League of Legends,01:03:41
2546,League of Legends,01:03:42
2546,League of Legends,01:03:43
2546,League of Legends,01:03:44
2546,League of Legends,01:03:45
2546,League of Legends,01:03:45
2546,League of Legends,01:03:46
2546,League of Legends,01:03:47
2546,League of Legends,01:03:48
2546,League of Legends,01:03:49
2546,League of Legends,01:03:50
2546,League of Legends,01:03:51
2546,League of Legends,01:03:52
2546,League of Legends,01:03:52
2546,League of Legends,01:03:53
2546,League of Legends,01:03:54
2546,League of Legends,01:03:55
2546,League of Legends,01:03:56
2546,League of Legends,01:03:57
2546,League of Legends,01:03:58
2546,League of Legends,01:03:59
2546,League of Legends,01:03:59
2546,League of Legends,01:04:00
2546,League of Legends,01:04:01
2546,League of Legends,01:04:02
2546,League of Legends,01:04:03
2546,League of Legends,01:04:04
2546,League of Legends,01:04:05
2546,League of Legends,01:04:06
2546,League of Legends,01:04:06
2546,League of Legends,01:04:07
2546,League of Legends,01:04:08
2546,League of Legends,01:04:09
2546,League of Legends,01:04:10
2546,League of Legends,01:04:11
2546,League of Legends,01:04:12
2546,League of Legends,01:04:13
2546,League of Legends,01:04:13
2546,League of Legends,01:04:14
2546,League of Legends,01:04:15
2546,League of Legends,01:04:16
2546,League of Legends,01:04:17
2546,League of Legends,01:04:18
2546,League of Legends,01:04:19
2546,League of Legends,01:04:19
2546,League of Legends,01:04:20
2546,League of Legends,01:04:21
2546,League of Legends,01:04:22
2546,League of Legends,01:04:23
2546,League of Legends,01:04:24
2546,League of Legends,01:04:25
2546,League of Legends,01:04:26
2546,League of Legends,01:04:26
2544,League of Legends,01:04:27
2544,League of Legends,01:04:28
2544,League of Legends,01:04:29
2544,League of Legends,01:04:30
2544,League of Legends,01:04:31
2544,League of Legends,01:04:32
2544,League of Legends,01:04:33
2544,League of Legends,01:04:34
2544,League of Legends,01:04:34
2544,League of Legends,01:04:35
2544,League of Legends,01:04:36
2544,League of Legends,01:04:37
2544,League of Legends,01:04:38
2544,League of Legends,01:04:39
2544,League of Legends,01:04:40
2544,League of Legends,01:04:41
2544,League of Legends,01:04:42
2544,League of Legends,01:04:42
2544,League of Legends,01:04:43
2544,League of Legends,01:04:44
2544,League of Legends,01:04:45
2544,League of Legends,01:04:46
2544,League of Legends,01:04:47
2544,League of Legends,01:04:48
2544,League of Legends,01:04:49
2544,League of Legends,01:04:50
2544,League of Legends,01:04:50
2544,League of Legends,01:04:51
2544,League of Legends,01:04:52
2544,League of Legends,01:04:53
2544,League of Legends,01:04:54
2544,League of Legends,01:04:55
2544,League of Legends,01:04:56
2544,League of Legends,01:04:56
2544,League of Legends,01:04:57
2544,League of Legends,01:04:58
2544,League of Legends,01:04:59
2544,League of Legends,01:05:00
2544,League of Legends,01:05:01
2544,League of Legends,01:05:02
2544,League of Legends,01:05:03
2544,League of Legends,01:05:03
2544,League of Legends,01:05:04
2544,League of Legends,01:05:05
2544,League of Legends,01:05:06
2544,League of Legends,01:05:07
2544,League of Legends,01:05:08
2544,League of Legends,01:05:09
2515,League of Legends,01:05:10
2515,League of Legends,01:05:11
2515,League of Legends,01:05:11
2515,League of Legends,01:05:12
2515,League of Legends,01:05:13
2515,League of Legends,01:05:14
2515,League of Legends,01:05:15
2515,League of Legends,01:05:16
2515,League of Legends,01:05:17
2515,League of Legends,01:05:18
2515,League of Legends,01:05:18
2515,League of Legends,01:05:19
2515,League of Legends,01:05:20
2515,League of Legends,01:05:21
2515,League of Legends,01:05:22
2515,League of Legends,01:05:23
2515,League of Legends,01:05:24
2515,League of Legends,01:05:25
2515,League of Legends,01:05:26
2515,League of Legends,01:05:27
2515,League of Legends,01:05:27
2515,League of Legends,01:05:28
2515,League of Legends,01:05:29
2515,League of Legends,01:05:30
2515,League of Legends,01:05:31
2515,League of Legends,01:05:32
2515,League of Legends,01:05:33
2515,League of Legends,01:05:34
2515,League of Legends,01:05:35
2515,League of Legends,01:05:36
2515,League of Legends,01:05:37
2515,League of Legends,01:05:37
2515,League of Legends,01:05:38
2515,League of Legends,01:05:39
2515,League of Legends,01:05:40
2515,League of Legends,01:05:41
2515,League of Legends,01:05:42
2515,League of Legends,01:05:43
2515,League of Legends,01:05:44
2515,League of Legends,01:05:44
2515,League of Legends,01:05:45
2515,League of Legends,01:05:46
2515,League of Legends,01:05:47
2515,League of Legends,01:05:48
2515,League of Legends,01:05:49
2515,League of Legends,01:05:50
2515,League of Legends,01:05:51
2515,League of Legends,01:05:51
2515,League of Legends,01:05:52
2515,League of Legends,01:05:53
2515,League of Legends,01:05:54
2515,League of Legends,01:05:55
2515,League of Legends,01:05:56
2515,League of Legends,01:05:57
2520,League of Legends,01:05:58
2520,League of Legends,01:05:58
2520,League of Legends,01:05:59
2520,League of Legends,01:06:00
2520,League of Legends,01:06:01
2520,League of Legends,01:06:02
2520,League of Legends,01:06:03
2520,League of Legends,01:06:04
2520,League of Legends,01:06:05
2520,League of Legends,01:06:05
2520,League of Legends,01:06:06
2520,League of Legends,01:06:07
2520,League of Legends,01:06:08
2520,League of Legends,01:06:09
2520,League of Legends,01:06:10
2520,League of Legends,01:06:11
2520,League of Legends,01:06:12
2520,League of Legends,01:06:12
2520,League of Legends,01:06:13
2520,League of Legends,01:06:14
2520,League of Legends,01:06:15
2520,League of Legends,01:06:16
2520,League of Legends,01:06:17
2520,League of Legends,01:06:18
2520,League of Legends,01:06:19
2520,League of Legends,01:06:19
2520,League of Legends,01:06:20
2520,League of Legends,01:06:21
2520,League of Legends,01:06:22
2520,League of Legends,01:06:23
2520,League of Legends,01:06:24
2520,League of Legends,01:06:25
2520,League of Legends,01:06:26
2520,League of Legends,01:06:27
2520,League of Legends,01:06:28
2520,League of Legends,01:06:29
2520,League of Legends,01:06:29
2520,League of Legends,01:06:30
2520,League of Legends,01:06:31
2520,League of Legends,01:06:32
2520,League of Legends,01:06:33
2520,League of Legends,01:06:34
2520,League of Legends,01:06:35
2520,League of Legends,01:06:36
2520,League of Legends,01:06:36
2520,League of Legends,01:06:37
2520,League of Legends,01:06:38
2520,League of Legends,01:06:39
2520,League of Legends,01:06:40
2520,League of Legends,01:06:41
2520,League of Legends,01:06:42
2520,League of Legends,01:06:42
2520,League of Legends,01:06:43
2520,League of Legends,01:06:44
2464,League of Legends,01:06:45
2464,League of Legends,01:06:46
2464,League of Legends,01:06:47
2464,League of Legends,01:06:48
2464,League of Legends,01:06:49
2464,League of Legends,01:06:49
2464,League of Legends,01:06:50
2464,League of Legends,01:06:51
2464,League of Legends,01:06:52
2464,League of Legends,01:06:53
2464,League of Legends,01:06:54
2464,League of Legends,01:06:55
2464,League of Legends,01:06:56
2464,League of Legends,01:06:57
2464,League of Legends,01:06:57
2464,League of Legends,01:06:58
2464,League of Legends,01:06:59
2464,League of Legends,01:07:00
2464,League of Legends,01:07:01
2464,League of Legends,01:07:02
2464,League of Legends,01:07:03
2464,League of Legends,01:07:04
2464,League of Legends,01:07:04
2464,League of Legends,01:07:05
2464,League of Legends,01:07:06
2464,League of Legends,01:07:07
2464,League of Legends,01:07:08
2464,League of Legends,01:07:09
2464,League of Legends,01:07:10
