29456,Grand Theft Auto V,00:24:15
29456,Grand Theft Auto V,00:24:16
29456,Grand Theft Auto V,00:24:17
29456,Grand Theft Auto V,00:24:18
29456,Grand Theft Auto V,00:24:19
29456,Grand Theft Auto V,00:24:20
29456,Grand Theft Auto V,00:24:20
29456,Grand Theft Auto V,00:24:21
29456,Grand Theft Auto V,00:24:22
29456,Grand Theft Auto V,00:24:23
29456,Grand Theft Auto V,00:24:24
29456,Grand Theft Auto V,00:24:25
29456,Grand Theft Auto V,00:24:26
29456,Grand Theft Auto V,00:24:27
29456,Grand Theft Auto V,00:24:28
29456,Grand Theft Auto V,00:24:28
29456,Grand Theft Auto V,00:24:29
29456,Grand Theft Auto V,00:24:30
29456,Grand Theft Auto V,00:24:31
29456,Grand Theft Auto V,00:24:32
29456,Grand Theft Auto V,00:24:33
29456,Grand Theft Auto V,00:24:34
29456,Grand Theft Auto V,00:24:35
29456,Grand Theft Auto V,00:24:36
29456,Grand Theft Auto V,00:24:36
29456,Grand Theft Auto V,00:24:37
29456,Grand Theft Auto V,00:24:38
29456,Grand Theft Auto V,00:24:39
29456,Grand Theft Auto V,00:24:40
29456,Grand Theft Auto V,00:24:41
29456,Grand Theft Auto V,00:24:42
29456,Grand Theft Auto V,00:24:43
29456,Grand Theft Auto V,00:24:44
29456,Grand Theft Auto V,00:24:44
29456,Grand Theft Auto V,00:24:45
29456,Grand Theft Auto V,00:24:46
29456,Grand Theft Auto V,00:24:47
29456,Grand Theft Auto V,00:24:48
29456,Grand Theft Auto V,00:24:49
29456,Grand Theft Auto V,00:24:50
29456,Grand Theft Auto V,00:24:51
29456,Grand Theft Auto V,00:24:51
29456,Grand Theft Auto V,00:24:52
29456,Grand Theft Auto V,00:24:53
29456,Grand Theft Auto V,00:24:54
29456,Grand Theft Auto V,00:24:55
29456,Grand Theft Auto V,00:24:56
29456,Grand Theft Auto V,00:24:57
29335,Grand Theft Auto V,00:24:58
29335,Grand Theft Auto V,00:24:58
29335,Grand Theft Auto V,00:24:59
29335,Grand Theft Auto V,00:25:00
29335,Grand Theft Auto V,00:25:01
29335,Grand Theft Auto V,00:25:02
29335,Grand Theft Auto V,00:25:03
29335,Grand Theft Auto V,00:25:04
29335,Grand Theft Auto V,00:25:05
29335,Grand Theft Auto V,00:25:06
29335,Grand Theft Auto V,00:25:07
29335,Grand Theft Auto V,00:25:07
29335,Grand Theft Auto V,00:25:08
29335,Grand Theft Auto V,00:25:09
29335,Grand Theft Auto V,00:25:10
29335,Grand Theft Auto V,00:25:11
29335,Grand Theft Auto V,00:25:12
29335,Grand Theft Auto V,00:25:13
29335,Grand Theft Auto V,00:25:14
29335,Grand Theft Auto V,00:25:14
29335,Grand Theft Auto V,00:25:15
29335,Grand Theft Auto V,00:25:16
29335,Grand Theft Auto V,00:25:17
29335,Grand Theft Auto V,00:25:18
29335,Grand Theft Auto V,00:25:19
29335,Grand Theft Auto V,00:25:20
29335,Grand Theft Auto V,00:25:21
29335,Grand Theft Auto V,00:25:21
29335,Grand Theft Auto V,00:25:22
29335,Grand Theft Auto V,00:25:23
29335,Grand Theft Auto V,00:25:24
29335,Grand Theft Auto V,00:25:25
29335,Grand Theft Auto V,00:25:26
29335,Grand Theft Auto V,00:25:27
29335,Grand Theft Auto V,00:25:28
29335,Grand Theft Auto V,00:25:28
29294,Grand Theft Auto V,00:25:29
29294,Grand Theft Auto V,00:25:30
29294,Grand Theft Auto V,00:25:31
29294,Grand Theft Auto V,00:25:32
29294,Grand Theft Auto V,00:25:33
29294,Grand Theft Auto V,00:25:34
29294,Grand Theft Auto V,00:25:35
29294,Grand Theft Auto V,00:25:35
29294,Grand Theft Auto V,00:25:36
29294,Grand Theft Auto V,00:25:37
29294,Grand Theft Auto V,00:25:38
29294,Grand Theft Auto V,00:25:39
29294,Grand Theft Auto V,00:25:40
29294,Grand Theft Auto V,00:25:41
29294,Grand Theft Auto V,00:25:42
29294,Grand Theft Auto V,00:25:42
29294,Grand Theft Auto V,00:25:43
29294,Grand Theft Auto V,00:25:44
29294,Grand Theft Auto V,00:25:45
29294,Grand Theft Auto V,00:25:46
29294,Grand Theft Auto V,00:25:47
29294,Grand Theft Auto V,00:25:48
29294,Grand Theft Auto V,00:25:49
29294,Grand Theft Auto V,00:25:49
29294,Grand Theft Auto V,00:25:50
29294,Grand Theft Auto V,00:25:51
29294,Grand Theft Auto V,00:25:52
29294,Grand Theft Auto V,00:25:53
29294,Grand Theft Auto V,00:25:54
29294,Grand Theft Auto V,00:25:55
29294,Grand Theft Auto V,00:25:56
29294,Grand Theft Auto V,00:25:57
29294,Grand Theft Auto V,00:25:57
29294,Grand Theft Auto V,00:25:58
29294,Grand Theft Auto V,00:25:59
29294,Grand Theft Auto V,00:26:00
29294,Grand Theft Auto V,00:26:01
29294,Grand Theft Auto V,00:26:02
29294,Grand Theft Auto V,00:26:03
29294,Grand Theft Auto V,00:26:04
29294,Grand Theft Auto V,00:26:04
29294,Grand Theft Auto V,00:26:05
29294,Grand Theft Auto V,00:26:06
29294,Grand Theft Auto V,00:26:07
29294,Grand Theft Auto V,00:26:08
29294,Grand Theft Auto V,00:26:09
29294,Grand Theft Auto V,00:26:10
29294,Grand Theft Auto V,00:26:11
28966,Grand Theft Auto V,00:26:12
28966,Grand Theft Auto V,00:26:12
28966,Grand Theft Auto V,00:26:13
28966,Grand Theft Auto V,00:26:14
28966,Grand Theft Auto V,00:26:15
28966,Grand Theft Auto V,00:26:16
28966,Grand Theft Auto V,00:26:17
28966,Grand Theft Auto V,00:26:18
28966,Grand Theft Auto V,00:26:19
28966,Grand Theft Auto V,00:26:20
28966,Grand Theft Auto V,00:26:20
28966,Grand Theft Auto V,00:26:21
28966,Grand Theft Auto V,00:26:22
28966,Grand Theft Auto V,00:26:23
28966,Grand Theft Auto V,00:26:24
28966,Grand Theft Auto V,00:26:25
28966,Grand Theft Auto V,00:26:26
28966,Grand Theft Auto V,00:26:27
28966,Grand Theft Auto V,00:26:28
28966,Grand Theft Auto V,00:26:28
28966,Grand Theft Auto V,00:26:29
28966,Grand Theft Auto V,00:26:30
28966,Grand Theft Auto V,00:26:31
28966,Grand Theft Auto V,00:26:32
28966,Grand Theft Auto V,00:26:33
28966,Grand Theft Auto V,00:26:34
28966,Grand Theft Auto V,00:26:35
28966,Grand Theft Auto V,00:26:35
28966,Grand Theft Auto V,00:26:36
28966,Grand Theft Auto V,00:26:37
28966,Grand Theft Auto V,00:26:38
28966,Grand Theft Auto V,00:26:39
28966,Grand Theft Auto V,00:26:40
28966,Grand Theft Auto V,00:26:41
28966,Grand Theft Auto V,00:26:42
28966,Grand Theft Auto V,00:26:42
28966,Grand Theft Auto V,00:26:43
28966,Grand Theft Auto V,00:26:44
28966,Grand Theft Auto V,00:26:45
28966,Grand Theft Auto V,00:26:46
28966,Grand Theft Auto V,00:26:47
28966,Grand Theft Auto V,00:26:48
28966,Grand Theft Auto V,00:26:49
28966,Grand Theft Auto V,00:26:50
28966,Grand Theft Auto V,00:26:50
28966,Grand Theft Auto V,00:26:51
28966,Grand Theft Auto V,00:26:52
28966,Grand Theft Auto V,00:26:53
28966,Grand Theft Auto V,00:26:54
28966,Grand Theft Auto V,00:26:55
28966,Grand Theft Auto V,00:26:56
28966,Grand Theft Auto V,00:26:57
28966,Grand Theft Auto V,00:26:57
28966,Grand Theft Auto V,00:26:58
28929,Grand Theft Auto V,00:26:59
28929,Grand Theft Auto V,00:27:00
28929,Grand Theft Auto V,00:27:01
28929,Grand Theft Auto V,00:27:02
28929,Grand Theft Auto V,00:27:03
28929,Grand Theft Auto V,00:27:04
28929,Grand Theft Auto V,00:27:04
28929,Grand Theft Auto V,00:27:05
28929,Grand Theft Auto V,00:27:06
28929,Grand Theft Auto V,00:27:07
28929,Grand Theft Auto V,00:27:08
28929,Grand Theft Auto V,00:27:09
28929,Grand Theft Auto V,00:27:10
28929,Grand Theft Auto V,00:27:10
28929,Grand Theft Auto V,00:27:11
28929,Grand Theft Auto V,00:27:12
28929,Grand Theft Auto V,00:27:13
28929,Grand Theft Auto V,00:27:14
28929,Grand Theft Auto V,00:27:15
28929,Grand Theft Auto V,00:27:16
28929,Grand Theft Auto V,00:27:17
28929,Grand Theft Auto V,00:27:17
28929,Grand Theft Auto V,00:27:18
28929,Grand Theft Auto V,00:27:19
28929,Grand Theft Auto V,00:27:20
28929,Grand Theft Auto V,00:27:21
28929,Grand Theft Auto V,00:27:22
28929,Grand Theft Auto V,00:27:23
28929,Grand Theft Auto V,00:27:24
28929,Grand Theft Auto V,00:27:25
28929,Grand Theft Auto V,00:27:26
28929,Grand Theft Auto V,00:27:27
28929,Grand Theft Auto V,00:27:27
28929,Grand Theft Auto V,00:27:28
28929,Grand Theft Auto V,00:27:29
28929,Grand Theft Auto V,00:27:30
28929,Grand Theft Auto V,00:27:31
28929,Grand Theft Auto V,00:27:32
28929,Grand Theft Auto V,00:27:33
28929,Grand Theft Auto V,00:27:34
28929,Grand Theft Auto V,00:27:34
28929,Grand Theft Auto V,00:27:35
28929,Grand Theft Auto V,00:27:36
28929,Grand Theft Auto V,00:27:37
28929,Grand Theft Auto V,00:27:38
28929,Grand Theft Auto V,00:27:39
28929,Grand Theft Auto V,00:27:40
28929,Grand Theft Auto V,00:27:41
28952,Grand Theft Auto V,00:27:41
28952,Grand Theft Auto V,00:27:42
28952,Grand Theft Auto V,00:27:43
28952,Grand Theft Auto V,00:27:44
28952,Grand Theft Auto V,00:27:45
28952,Grand Theft Auto V,00:27:46
28952,Grand Theft Auto V,00:27:47
28952,Grand Theft Auto V,00:27:48
28952,Grand Theft Auto V,00:27:48
28952,Grand Theft Auto V,00:27:49
28952,Grand Theft Auto V,00:27:50
28952,Grand Theft Auto V,00:27:51
28952,Grand Theft Auto V,00:27:52
28952,Grand Theft Auto V,00:27:53
28952,Grand Theft Auto V,00:27:54
28952,Grand Theft Auto V,00:27:55
28952,Grand Theft Auto V,00:27:55
28952,Grand Theft Auto V,00:27:56
28952,Grand Theft Auto V,00:27:57
28952,Grand Theft Auto V,00:27:58
28952,Grand Theft Auto V,00:27:59
28952,Grand Theft Auto V,00:28:00
28952,Grand Theft Auto V,00:28:01
28952,Grand Theft Auto V,00:28:02
28952,Grand Theft Auto V,00:28:02
28952,Grand Theft Auto V,00:28:03
28952,Grand Theft Auto V,00:28:04
28952,Grand Theft Auto V,00:28:05
28952,Grand Theft Auto V,00:28:06
28952,Grand Theft Auto V,00:28:07
28952,Grand Theft Auto V,00:28:08
28952,Grand Theft Auto V,00:28:09
28952,Grand Theft Auto V,00:28:10
28952,Grand Theft Auto V,00:28:10
28952,Grand Theft Auto V,00:28:11
28952,Grand Theft Auto V,00:28:12
28952,Grand Theft Auto V,00:28:13
28952,Grand Theft Auto V,00:28:14
28952,Grand Theft Auto V,00:28:15
28952,Grand Theft Auto V,00:28:16
28952,Grand Theft Auto V,00:28:17
28952,Grand Theft Auto V,00:28:17
28952,Grand Theft Auto V,00:28:18
28952,Grand Theft Auto V,00:28:19
28952,Grand Theft Auto V,00:28:20
28952,Grand Theft Auto V,00:28:21
28952,Grand Theft Auto V,00:28:22
28952,Grand Theft Auto V,00:28:23
28952,Grand Theft Auto V,00:28:24
28952,Grand Theft Auto V,00:28:24
28952,Grand Theft Auto V,00:28:25
28952,Grand Theft Auto V,00:28:26
28952,Grand Theft Auto V,00:28:27
28952,Grand Theft Auto V,00:28:28
28952,Grand Theft Auto V,00:28:29
28952,Grand Theft Auto V,00:28:30
28952,Grand Theft Auto V,00:28:31
28952,Grand Theft Auto V,00:28:31
28952,Grand Theft Auto V,00:28:32
28952,Grand Theft Auto V,00:28:33
28952,Grand Theft Auto V,00:28:34
28952,Grand Theft Auto V,00:28:35
28952,Grand Theft Auto V,00:28:36
28952,Grand Theft Auto V,00:28:37
28952,Grand Theft Auto V,00:28:38
28952,Grand Theft Auto V,00:28:38
28952,Grand Theft Auto V,00:28:39
28952,Grand Theft Auto V,00:28:40
28952,Grand Theft Auto V,00:28:41
28952,Grand Theft Auto V,00:28:42
28952,Grand Theft Auto V,00:28:43
28952,Grand Theft Auto V,00:28:44
28952,Grand Theft Auto V,00:28:45
28952,Grand Theft Auto V,00:28:45
28952,Grand Theft Auto V,00:28:46
28952,Grand Theft Auto V,00:28:47
28952,Grand Theft Auto V,00:28:48
28952,Grand Theft Auto V,00:28:49
28952,Grand Theft Auto V,00:28:50
28952,Grand Theft Auto V,00:28:51
28952,Grand Theft Auto V,00:28:52
28952,Grand Theft Auto V,00:28:52
28952,Grand Theft Auto V,00:28:53
28952,Grand Theft Auto V,00:28:54
29113,Grand Theft Auto V,00:28:55
29113,Grand Theft Auto V,00:28:56
29113,Grand Theft Auto V,00:28:57
29113,Grand Theft Auto V,00:28:58
29113,Grand Theft Auto V,00:28:59
29113,Grand Theft Auto V,00:28:59
29113,Grand Theft Auto V,00:29:00
29113,Grand Theft Auto V,00:29:01
29113,Grand Theft Auto V,00:29:02
29113,Grand Theft Auto V,00:29:03
29113,Grand Theft Auto V,00:29:04
29113,Grand Theft Auto V,00:29:05
29113,Grand Theft Auto V,00:29:06
29113,Grand Theft Auto V,00:29:07
29113,Grand Theft Auto V,00:29:08
29113,Grand Theft Auto V,00:29:09
29113,Grand Theft Auto V,00:29:09
29113,Grand Theft Auto V,00:29:10
29283,Grand Theft Auto V,00:29:11
29283,Grand Theft Auto V,00:29:12
29283,Grand Theft Auto V,00:29:13
29283,Grand Theft Auto V,00:29:14
29283,Grand Theft Auto V,00:29:15
29283,Grand Theft Auto V,00:29:16
29283,Grand Theft Auto V,00:29:17
29283,Grand Theft Auto V,00:29:18
29283,Grand Theft Auto V,00:29:18
29283,Grand Theft Auto V,00:29:19
29283,Grand Theft Auto V,00:29:20
29283,Grand Theft Auto V,00:29:21
29283,Grand Theft Auto V,00:29:22
29283,Grand Theft Auto V,00:29:23
29283,Grand Theft Auto V,00:29:24
29283,Grand Theft Auto V,00:29:25
29283,Grand Theft Auto V,00:29:25
29283,Grand Theft Auto V,00:29:27
29283,Grand Theft Auto V,00:29:28
29283,Grand Theft Auto V,00:29:28
29283,Grand Theft Auto V,00:29:29
29283,Grand Theft Auto V,00:29:30
29283,Grand Theft Auto V,00:29:31
29283,Grand Theft Auto V,00:29:32
29283,Grand Theft Auto V,00:29:33
29283,Grand Theft Auto V,00:29:34
29283,Grand Theft Auto V,00:29:34
29283,Grand Theft Auto V,00:29:35
29283,Grand Theft Auto V,00:29:36
29283,Grand Theft Auto V,00:29:37
29283,Grand Theft Auto V,00:29:38
29283,Grand Theft Auto V,00:29:39
29283,Grand Theft Auto V,00:29:40
29283,Grand Theft Auto V,00:29:41
29283,Grand Theft Auto V,00:29:41
29283,Grand Theft Auto V,00:29:42
29283,Grand Theft Auto V,00:29:44
29283,Grand Theft Auto V,00:29:44
29283,Grand Theft Auto V,00:29:45
29283,Grand Theft Auto V,00:29:46
29283,Grand Theft Auto V,00:29:47
29283,Grand Theft Auto V,00:29:48
29283,Grand Theft Auto V,00:29:49
29283,Grand Theft Auto V,00:29:50
29283,Grand Theft Auto V,00:29:51
29283,Grand Theft Auto V,00:29:51
29283,Grand Theft Auto V,00:29:52
29283,Grand Theft Auto V,00:29:53
29283,Grand Theft Auto V,00:29:54
29283,Grand Theft Auto V,00:29:55
29283,Grand Theft Auto V,00:29:56
29283,Grand Theft Auto V,00:29:57
29283,Grand Theft Auto V,00:29:58
29283,Grand Theft Auto V,00:29:58
29478,Grand Theft Auto V,00:29:59
29478,Grand Theft Auto V,00:30:00
29478,Grand Theft Auto V,00:30:01
29478,Grand Theft Auto V,00:30:02
29478,Grand Theft Auto V,00:30:03
29478,Grand Theft Auto V,00:30:04
29478,Grand Theft Auto V,00:30:05
29478,Grand Theft Auto V,00:30:06
29478,Grand Theft Auto V,00:30:07
29478,Grand Theft Auto V,00:30:08
29478,Grand Theft Auto V,00:30:08
29478,Grand Theft Auto V,00:30:09
29478,Grand Theft Auto V,00:30:12
29478,Grand Theft Auto V,00:30:12
29478,Grand Theft Auto V,00:30:13
29478,Grand Theft Auto V,00:30:14
29478,Grand Theft Auto V,00:30:15
29478,Grand Theft Auto V,00:30:16
29478,Grand Theft Auto V,00:30:17
29478,Grand Theft Auto V,00:30:18
29478,Grand Theft Auto V,00:30:19
29478,Grand Theft Auto V,00:30:19
29478,Grand Theft Auto V,00:30:20
29478,Grand Theft Auto V,00:30:21
29478,Grand Theft Auto V,00:30:22
29478,Grand Theft Auto V,00:30:23
29478,Grand Theft Auto V,00:30:24
29478,Grand Theft Auto V,00:30:25
29478,Grand Theft Auto V,00:30:26
29478,Grand Theft Auto V,00:30:26
29478,Grand Theft Auto V,00:30:27
29478,Grand Theft Auto V,00:30:28
29478,Grand Theft Auto V,00:30:29
29478,Grand Theft Auto V,00:30:30
29478,Grand Theft Auto V,00:30:31
29478,Grand Theft Auto V,00:30:32
29478,Grand Theft Auto V,00:30:33
29478,Grand Theft Auto V,00:30:33
29478,Grand Theft Auto V,00:30:34
29478,Grand Theft Auto V,00:30:35
29478,Grand Theft Auto V,00:30:36
29478,Grand Theft Auto V,00:30:37
29478,Grand Theft Auto V,00:30:38
29478,Grand Theft Auto V,00:30:39
29478,Grand Theft Auto V,00:30:40
29478,Grand Theft Auto V,00:30:40
29478,Grand Theft Auto V,00:30:41
29478,Grand Theft Auto V,00:30:42
29716,Grand Theft Auto V,00:30:43
29716,Grand Theft Auto V,00:30:44
29716,Grand Theft Auto V,00:30:45
29716,Grand Theft Auto V,00:30:46
29716,Grand Theft Auto V,00:30:46
29716,Grand Theft Auto V,00:30:47
29716,Grand Theft Auto V,00:30:48
29716,Grand Theft Auto V,00:30:49
29716,Grand Theft Auto V,00:30:50
29716,Grand Theft Auto V,00:30:51
29716,Grand Theft Auto V,00:30:52
29716,Grand Theft Auto V,00:30:53
29716,Grand Theft Auto V,00:30:53
29716,Grand Theft Auto V,00:30:54
29716,Grand Theft Auto V,00:30:55
29716,Grand Theft Auto V,00:30:56
29716,Grand Theft Auto V,00:30:57
29716,Grand Theft Auto V,00:30:58
29716,Grand Theft Auto V,00:30:59
29716,Grand Theft Auto V,00:31:00
29716,Grand Theft Auto V,00:31:00
29716,Grand Theft Auto V,00:31:01
29716,Grand Theft Auto V,00:31:02
29716,Grand Theft Auto V,00:31:03
29716,Grand Theft Auto V,00:31:04
29716,Grand Theft Auto V,00:31:05
29716,Grand Theft Auto V,00:31:06
29716,Grand Theft Auto V,00:31:07
29716,Grand Theft Auto V,00:31:07
29716,Grand Theft Auto V,00:31:08
29716,Grand Theft Auto V,00:31:09
29716,Grand Theft Auto V,00:31:10
29716,Grand Theft Auto V,00:31:11
29716,Grand Theft Auto V,00:31:12
29716,Grand Theft Auto V,00:31:13
29716,Grand Theft Auto V,00:31:14
29716,Grand Theft Auto V,00:31:14
29716,Grand Theft Auto V,00:31:15
29716,Grand Theft Auto V,00:31:16
29716,Grand Theft Auto V,00:31:17
29716,Grand Theft Auto V,00:31:18
29716,Grand Theft Auto V,00:31:19
29716,Grand Theft Auto V,00:31:20
29716,Grand Theft Auto V,00:31:21
29716,Grand Theft Auto V,00:31:21
29716,Grand Theft Auto V,00:31:22
29716,Grand Theft Auto V,00:31:23
29716,Grand Theft Auto V,00:31:24
29731,Grand Theft Auto V,00:31:25
29731,Grand Theft Auto V,00:31:26
29731,Grand Theft Auto V,00:31:27
29731,Grand Theft Auto V,00:31:28
29731,Grand Theft Auto V,00:31:28
29731,Grand Theft Auto V,00:31:29
29731,Grand Theft Auto V,00:31:30
29731,Grand Theft Auto V,00:31:31
29731,Grand Theft Auto V,00:31:32
29731,Grand Theft Auto V,00:31:33
29731,Grand Theft Auto V,00:31:34
29731,Grand Theft Auto V,00:31:35
29731,Grand Theft Auto V,00:31:36
29731,Grand Theft Auto V,00:31:36
29731,Grand Theft Auto V,00:31:37
29731,Grand Theft Auto V,00:31:38
29731,Grand Theft Auto V,00:31:39
29731,Grand Theft Auto V,00:31:40
29731,Grand Theft Auto V,00:31:41
29731,Grand Theft Auto V,00:31:42
29731,Grand Theft Auto V,00:31:43
29731,Grand Theft Auto V,00:31:43
29731,Grand Theft Auto V,00:31:44
29731,Grand Theft Auto V,00:31:45
29731,Grand Theft Auto V,00:31:46
29731,Grand Theft Auto V,00:31:47
29731,Grand Theft Auto V,00:31:48
29731,Grand Theft Auto V,00:31:49
29731,Grand Theft Auto V,00:31:50
29731,Grand Theft Auto V,00:31:50
29731,Grand Theft Auto V,00:31:51
29731,Grand Theft Auto V,00:31:52
29731,Grand Theft Auto V,00:31:53
29731,Grand Theft Auto V,00:31:54
29731,Grand Theft Auto V,00:31:55
29731,Grand Theft Auto V,00:31:56
29545,Grand Theft Auto V,00:31:57
29545,Grand Theft Auto V,00:31:57
29545,Grand Theft Auto V,00:31:58
29545,Grand Theft Auto V,00:31:59
29545,Grand Theft Auto V,00:32:00
29545,Grand Theft Auto V,00:32:01
29545,Grand Theft Auto V,00:32:02
29545,Grand Theft Auto V,00:32:03
29545,Grand Theft Auto V,00:32:04
29545,Grand Theft Auto V,00:32:04
29545,Grand Theft Auto V,00:32:05
29545,Grand Theft Auto V,00:32:06
29545,Grand Theft Auto V,00:32:07
29545,Grand Theft Auto V,00:32:08
29545,Grand Theft Auto V,00:32:09
29545,Grand Theft Auto V,00:32:10
29545,Grand Theft Auto V,00:32:11
29545,Grand Theft Auto V,00:32:11
29545,Grand Theft Auto V,00:32:13
29545,Grand Theft Auto V,00:32:14
29545,Grand Theft Auto V,00:32:14
29545,Grand Theft Auto V,00:32:15
29545,Grand Theft Auto V,00:32:16
29545,Grand Theft Auto V,00:32:17
29545,Grand Theft Auto V,00:32:18
29545,Grand Theft Auto V,00:32:19
29545,Grand Theft Auto V,00:32:20
29545,Grand Theft Auto V,00:32:21
29545,Grand Theft Auto V,00:32:21
29545,Grand Theft Auto V,00:32:22
29545,Grand Theft Auto V,00:32:23
29545,Grand Theft Auto V,00:32:24
29545,Grand Theft Auto V,00:32:25
29545,Grand Theft Auto V,00:32:26
29545,Grand Theft Auto V,00:32:27
29545,Grand Theft Auto V,00:32:28
29731,Grand Theft Auto V,00:32:29
29731,Grand Theft Auto V,00:32:29
29731,Grand Theft Auto V,00:32:30
29731,Grand Theft Auto V,00:32:31
29731,Grand Theft Auto V,00:32:32
29731,Grand Theft Auto V,00:32:33
29731,Grand Theft Auto V,00:32:34
29731,Grand Theft Auto V,00:32:35
29731,Grand Theft Auto V,00:32:36
29731,Grand Theft Auto V,00:32:36
29731,Grand Theft Auto V,00:32:37
29731,Grand Theft Auto V,00:32:38
29731,Grand Theft Auto V,00:32:39
29731,Grand Theft Auto V,00:32:40
29731,Grand Theft Auto V,00:32:41
29731,Grand Theft Auto V,00:32:42
29731,Grand Theft Auto V,00:32:43
29731,Grand Theft Auto V,00:32:43
29617,Grand Theft Auto V,00:32:44
29617,Grand Theft Auto V,00:32:45
29617,Grand Theft Auto V,00:32:46
29617,Grand Theft Auto V,00:32:47
29617,Grand Theft Auto V,00:32:48
29617,Grand Theft Auto V,00:32:49
29617,Grand Theft Auto V,00:32:50
29617,Grand Theft Auto V,00:32:51
29617,Grand Theft Auto V,00:32:51
29617,Grand Theft Auto V,00:32:52
29617,Grand Theft Auto V,00:32:53
29617,Grand Theft Auto V,00:32:54
29617,Grand Theft Auto V,00:32:55
29617,Grand Theft Auto V,00:32:56
29617,Grand Theft Auto V,00:32:57
29617,Grand Theft Auto V,00:32:58
29617,Grand Theft Auto V,00:32:58
29617,Grand Theft Auto V,00:32:59
29617,Grand Theft Auto V,00:33:00
29617,Grand Theft Auto V,00:33:01
29617,Grand Theft Auto V,00:33:02
29617,Grand Theft Auto V,00:33:03
29617,Grand Theft Auto V,00:33:04
29617,Grand Theft Auto V,00:33:05
29617,Grand Theft Auto V,00:33:05
29617,Grand Theft Auto V,00:33:06
29617,Grand Theft Auto V,00:33:07
29617,Grand Theft Auto V,00:33:08
29617,Grand Theft Auto V,00:33:09
29617,Grand Theft Auto V,00:33:10
29617,Grand Theft Auto V,00:33:11
29617,Grand Theft Auto V,00:33:12
29617,Grand Theft Auto V,00:33:12
29617,Grand Theft Auto V,00:33:13
29617,Grand Theft Auto V,00:33:14
29617,Grand Theft Auto V,00:33:15
29617,Grand Theft Auto V,00:33:16
29617,Grand Theft Auto V,00:33:17
29617,Grand Theft Auto V,00:33:18
29617,Grand Theft Auto V,00:33:19
29617,Grand Theft Auto V,00:33:19
29617,Grand Theft Auto V,00:33:20
29617,Grand Theft Auto V,00:33:21
29617,Grand Theft Auto V,00:33:22
29617,Grand Theft Auto V,00:33:23
29617,Grand Theft Auto V,00:33:24
29617,Grand Theft Auto V,00:33:25
29617,Grand Theft Auto V,00:33:25
29617,Grand Theft Auto V,00:33:26
29617,Grand Theft Auto V,00:33:27
29617,Grand Theft Auto V,00:33:28
29617,Grand Theft Auto V,00:33:29
29617,Grand Theft Auto V,00:33:30
29617,Grand Theft Auto V,00:33:31
29617,Grand Theft Auto V,00:33:32
29617,Grand Theft Auto V,00:33:32
29617,Grand Theft Auto V,00:33:33
29617,Grand Theft Auto V,00:33:34
29617,Grand Theft Auto V,00:33:35
29617,Grand Theft Auto V,00:33:36
29617,Grand Theft Auto V,00:33:37
29617,Grand Theft Auto V,00:33:38
29617,Grand Theft Auto V,00:33:39
29617,Grand Theft Auto V,00:33:39
29617,Grand Theft Auto V,00:33:40
29617,Grand Theft Auto V,00:33:41
30116,Grand Theft Auto V,00:33:42
30116,Grand Theft Auto V,00:33:43
30116,Grand Theft Auto V,00:33:44
30116,Grand Theft Auto V,00:33:45
30116,Grand Theft Auto V,00:33:46
30116,Grand Theft Auto V,00:33:47
30116,Grand Theft Auto V,00:33:47
30116,Grand Theft Auto V,00:33:48
30116,Grand Theft Auto V,00:33:49
30116,Grand Theft Auto V,00:33:50
30116,Grand Theft Auto V,00:33:51
30116,Grand Theft Auto V,00:33:52
30116,Grand Theft Auto V,00:33:53
30116,Grand Theft Auto V,00:33:54
30116,Grand Theft Auto V,00:33:55
30116,Grand Theft Auto V,00:33:55
30116,Grand Theft Auto V,00:33:56
30116,Grand Theft Auto V,00:33:57
30116,Grand Theft Auto V,00:33:58
30116,Grand Theft Auto V,00:33:59
30116,Grand Theft Auto V,00:34:00
30116,Grand Theft Auto V,00:34:01
30116,Grand Theft Auto V,00:34:01
30116,Grand Theft Auto V,00:34:02
30116,Grand Theft Auto V,00:34:03
30116,Grand Theft Auto V,00:34:04
30116,Grand Theft Auto V,00:34:05
30116,Grand Theft Auto V,00:34:06
30116,Grand Theft Auto V,00:34:07
30116,Grand Theft Auto V,00:34:08
30116,Grand Theft Auto V,00:34:09
30116,Grand Theft Auto V,00:34:09
30116,Grand Theft Auto V,00:34:10
30116,Grand Theft Auto V,00:34:11
30116,Grand Theft Auto V,00:34:12
30116,Grand Theft Auto V,00:34:13
30116,Grand Theft Auto V,00:34:14
30116,Grand Theft Auto V,00:34:15
30116,Grand Theft Auto V,00:34:16
30116,Grand Theft Auto V,00:34:16
30116,Grand Theft Auto V,00:34:17
30116,Grand Theft Auto V,00:34:18
30116,Grand Theft Auto V,00:34:19
30116,Grand Theft Auto V,00:34:20
30116,Grand Theft Auto V,00:34:21
30116,Grand Theft Auto V,00:34:22
30116,Grand Theft Auto V,00:34:23
30116,Grand Theft Auto V,00:34:23
30116,Grand Theft Auto V,00:34:24
30116,Grand Theft Auto V,00:34:25
30116,Grand Theft Auto V,00:34:26
30116,Grand Theft Auto V,00:34:27
30116,Grand Theft Auto V,00:34:28
30116,Grand Theft Auto V,00:34:29
30345,Grand Theft Auto V,00:34:30
30345,Grand Theft Auto V,00:34:30
30345,Grand Theft Auto V,00:34:31
30345,Grand Theft Auto V,00:34:32
30345,Grand Theft Auto V,00:34:33
30345,Grand Theft Auto V,00:34:34
30345,Grand Theft Auto V,00:34:35
30345,Grand Theft Auto V,00:34:36
30345,Grand Theft Auto V,00:34:37
30345,Grand Theft Auto V,00:34:38
30345,Grand Theft Auto V,00:34:38
30345,Grand Theft Auto V,00:34:39
30345,Grand Theft Auto V,00:34:40
30345,Grand Theft Auto V,00:34:41
30345,Grand Theft Auto V,00:34:42
30345,Grand Theft Auto V,00:34:43
30345,Grand Theft Auto V,00:34:44
30345,Grand Theft Auto V,00:34:45
30345,Grand Theft Auto V,00:34:45
30345,Grand Theft Auto V,00:34:46
30345,Grand Theft Auto V,00:34:47
30345,Grand Theft Auto V,00:34:48
30345,Grand Theft Auto V,00:34:49
30345,Grand Theft Auto V,00:34:50
30345,Grand Theft Auto V,00:34:51
30345,Grand Theft Auto V,00:34:52
30345,Grand Theft Auto V,00:34:52
30345,Grand Theft Auto V,00:34:53
30345,Grand Theft Auto V,00:34:54
30345,Grand Theft Auto V,00:34:55
30644,Grand Theft Auto V,00:34:56
30644,Grand Theft Auto V,00:34:57
30644,Grand Theft Auto V,00:34:58
30644,Grand Theft Auto V,00:34:59
30644,Grand Theft Auto V,00:34:59
30644,Grand Theft Auto V,00:35:00
30644,Grand Theft Auto V,00:35:01
30644,Grand Theft Auto V,00:35:02
30644,Grand Theft Auto V,00:35:03
30644,Grand Theft Auto V,00:35:04
30644,Grand Theft Auto V,00:35:05
30644,Grand Theft Auto V,00:35:06
30644,Grand Theft Auto V,00:35:07
30644,Grand Theft Auto V,00:35:07
30644,Grand Theft Auto V,00:35:08
30644,Grand Theft Auto V,00:35:09
30644,Grand Theft Auto V,00:35:10
30644,Grand Theft Auto V,00:35:11
30644,Grand Theft Auto V,00:35:12
30644,Grand Theft Auto V,00:35:13
30644,Grand Theft Auto V,00:35:13
30644,Grand Theft Auto V,00:35:14
30644,Grand Theft Auto V,00:35:15
30644,Grand Theft Auto V,00:35:16
30644,Grand Theft Auto V,00:35:17
30644,Grand Theft Auto V,00:35:18
30644,Grand Theft Auto V,00:35:19
30644,Grand Theft Auto V,00:35:20
30644,Grand Theft Auto V,00:35:21
30644,Grand Theft Auto V,00:35:21
30644,Grand Theft Auto V,00:35:22
30644,Grand Theft Auto V,00:35:23
30644,Grand Theft Auto V,00:35:24
30644,Grand Theft Auto V,00:35:25
30644,Grand Theft Auto V,00:35:26
30644,Grand Theft Auto V,00:35:27
30644,Grand Theft Auto V,00:35:28
30644,Grand Theft Auto V,00:35:28
30644,Grand Theft Auto V,00:35:29
30644,Grand Theft Auto V,00:35:30
30644,Grand Theft Auto V,00:35:31
30644,Grand Theft Auto V,00:35:32
30644,Grand Theft Auto V,00:35:33
30644,Grand Theft Auto V,00:35:34
30644,Grand Theft Auto V,00:35:35
30644,Grand Theft Auto V,00:35:35
30644,Grand Theft Auto V,00:35:36
30644,Grand Theft Auto V,00:35:37
30644,Grand Theft Auto V,00:35:38
30644,Grand Theft Auto V,00:35:39
30644,Grand Theft Auto V,00:35:40
30644,Grand Theft Auto V,00:35:41
30644,Grand Theft Auto V,00:35:45
30644,Grand Theft Auto V,00:35:46
30644,Grand Theft Auto V,00:35:47
30644,Grand Theft Auto V,00:35:47
30644,Grand Theft Auto V,00:35:48
30644,Grand Theft Auto V,00:35:49
30644,Grand Theft Auto V,00:35:50
30644,Grand Theft Auto V,00:35:51
30644,Grand Theft Auto V,00:35:52
30644,Grand Theft Auto V,00:35:53
30644,Grand Theft Auto V,00:35:54
30644,Grand Theft Auto V,00:35:54
30685,Grand Theft Auto V,00:35:55
30685,Grand Theft Auto V,00:35:56
30685,Grand Theft Auto V,00:35:57
30685,Grand Theft Auto V,00:35:58
30685,Grand Theft Auto V,00:35:59
30685,Grand Theft Auto V,00:36:00
30685,Grand Theft Auto V,00:36:01
30685,Grand Theft Auto V,00:36:01
30685,Grand Theft Auto V,00:36:02
30685,Grand Theft Auto V,00:36:03
30685,Grand Theft Auto V,00:36:04
30685,Grand Theft Auto V,00:36:05
30685,Grand Theft Auto V,00:36:06
30685,Grand Theft Auto V,00:36:07
30685,Grand Theft Auto V,00:36:08
30685,Grand Theft Auto V,00:36:08
30685,Grand Theft Auto V,00:36:09
30685,Grand Theft Auto V,00:36:10
30685,Grand Theft Auto V,00:36:11
30685,Grand Theft Auto V,00:36:12
30685,Grand Theft Auto V,00:36:13
30685,Grand Theft Auto V,00:36:14
30685,Grand Theft Auto V,00:36:15
30685,Grand Theft Auto V,00:36:16
30685,Grand Theft Auto V,00:36:17
30685,Grand Theft Auto V,00:36:17
30685,Grand Theft Auto V,00:36:18
30685,Grand Theft Auto V,00:36:19
30685,Grand Theft Auto V,00:36:20
30685,Grand Theft Auto V,00:36:21
30685,Grand Theft Auto V,00:36:22
30685,Grand Theft Auto V,00:36:23
30685,Grand Theft Auto V,00:36:24
30685,Grand Theft Auto V,00:36:24
30685,Grand Theft Auto V,00:36:25
30685,Grand Theft Auto V,00:36:26
30674,Grand Theft Auto V,00:36:27
30674,Grand Theft Auto V,00:36:28
30674,Grand Theft Auto V,00:36:29
30674,Grand Theft Auto V,00:36:30
30674,Grand Theft Auto V,00:36:31
30674,Grand Theft Auto V,00:36:32
30674,Grand Theft Auto V,00:36:32
30674,Grand Theft Auto V,00:36:33
30674,Grand Theft Auto V,00:36:34
30674,Grand Theft Auto V,00:36:35
30674,Grand Theft Auto V,00:36:36
30674,Grand Theft Auto V,00:36:37
30674,Grand Theft Auto V,00:36:38
30674,Grand Theft Auto V,00:36:39
30674,Grand Theft Auto V,00:36:39
30674,Grand Theft Auto V,00:36:40
30674,Grand Theft Auto V,00:36:41
30674,Grand Theft Auto V,00:36:42
30674,Grand Theft Auto V,00:36:43
30674,Grand Theft Auto V,00:36:44
30674,Grand Theft Auto V,00:36:45
30674,Grand Theft Auto V,00:36:46
30674,Grand Theft Auto V,00:36:47
30674,Grand Theft Auto V,00:36:47
30674,Grand Theft Auto V,00:36:48
30674,Grand Theft Auto V,00:36:49
30674,Grand Theft Auto V,00:36:50
30674,Grand Theft Auto V,00:36:51
30674,Grand Theft Auto V,00:36:52
30674,Grand Theft Auto V,00:36:53
30674,Grand Theft Auto V,00:36:54
30674,Grand Theft Auto V,00:36:54
30674,Grand Theft Auto V,00:36:55
30674,Grand Theft Auto V,00:36:56
30674,Grand Theft Auto V,00:36:57
30674,Grand Theft Auto V,00:36:58
30674,Grand Theft Auto V,00:36:59
30674,Grand Theft Auto V,00:37:00
30674,Grand Theft Auto V,00:37:01
30674,Grand Theft Auto V,00:37:01
30674,Grand Theft Auto V,00:37:02
30674,Grand Theft Auto V,00:37:03
30674,Grand Theft Auto V,00:37:04
30674,Grand Theft Auto V,00:37:05
30674,Grand Theft Auto V,00:37:06
30674,Grand Theft Auto V,00:37:07
30674,Grand Theft Auto V,00:37:08
30674,Grand Theft Auto V,00:37:08
30674,Grand Theft Auto V,00:37:09
30674,Grand Theft Auto V,00:37:10
30674,Grand Theft Auto V,00:37:11
30674,Grand Theft Auto V,00:37:12
30674,Grand Theft Auto V,00:37:13
30674,Grand Theft Auto V,00:37:14
30788,Grand Theft Auto V,00:37:15
30788,Grand Theft Auto V,00:37:16
30788,Grand Theft Auto V,00:37:16
30788,Grand Theft Auto V,00:37:17
30788,Grand Theft Auto V,00:37:18
30788,Grand Theft Auto V,00:37:19
30788,Grand Theft Auto V,00:37:20
30788,Grand Theft Auto V,00:37:21
30788,Grand Theft Auto V,00:37:22
30788,Grand Theft Auto V,00:37:23
30788,Grand Theft Auto V,00:37:24
30788,Grand Theft Auto V,00:37:25
30788,Grand Theft Auto V,00:37:26
30788,Grand Theft Auto V,00:37:26
30788,Grand Theft Auto V,00:37:27
30788,Grand Theft Auto V,00:37:28
30788,Grand Theft Auto V,00:37:29
30788,Grand Theft Auto V,00:37:30
30788,Grand Theft Auto V,00:37:31
30788,Grand Theft Auto V,00:37:32
30788,Grand Theft Auto V,00:37:33
30788,Grand Theft Auto V,00:37:33
30788,Grand Theft Auto V,00:37:34
30788,Grand Theft Auto V,00:37:35
30788,Grand Theft Auto V,00:37:36
30788,Grand Theft Auto V,00:37:37
30788,Grand Theft Auto V,00:37:38
30788,Grand Theft Auto V,00:37:39
30788,Grand Theft Auto V,00:37:40
30788,Grand Theft Auto V,00:37:40
30788,Grand Theft Auto V,00:37:41
30788,Grand Theft Auto V,00:37:42
30788,Grand Theft Auto V,00:37:43
30788,Grand Theft Auto V,00:37:44
30788,Grand Theft Auto V,00:37:45
30788,Grand Theft Auto V,00:37:46
30788,Grand Theft Auto V,00:37:47
30788,Grand Theft Auto V,00:37:48
30788,Grand Theft Auto V,00:37:48
30788,Grand Theft Auto V,00:37:49
30788,Grand Theft Auto V,00:37:50
30788,Grand Theft Auto V,00:37:51
30788,Grand Theft Auto V,00:37:52
30788,Grand Theft Auto V,00:37:53
30788,Grand Theft Auto V,00:37:54
30788,Grand Theft Auto V,00:37:54
30788,Grand Theft Auto V,00:37:55
30788,Grand Theft Auto V,00:37:56
30741,Grand Theft Auto V,00:37:57
30741,Grand Theft Auto V,00:37:58
30741,Grand Theft Auto V,00:37:59
30741,Grand Theft Auto V,00:38:00
30741,Grand Theft Auto V,00:38:01
30741,Grand Theft Auto V,00:38:01
30741,Grand Theft Auto V,00:38:02
30741,Grand Theft Auto V,00:38:03
30741,Grand Theft Auto V,00:38:04
30741,Grand Theft Auto V,00:38:05
30741,Grand Theft Auto V,00:38:06
30741,Grand Theft Auto V,00:38:07
30741,Grand Theft Auto V,00:38:08
30741,Grand Theft Auto V,00:38:09
30741,Grand Theft Auto V,00:38:09
30741,Grand Theft Auto V,00:38:10
30741,Grand Theft Auto V,00:38:11
30741,Grand Theft Auto V,00:38:12
30788,Grand Theft Auto V,00:38:13
30788,Grand Theft Auto V,00:38:14
30788,Grand Theft Auto V,00:38:15
30788,Grand Theft Auto V,00:38:16
30788,Grand Theft Auto V,00:38:16
30788,Grand Theft Auto V,00:38:17
30788,Grand Theft Auto V,00:38:18
30788,Grand Theft Auto V,00:38:19
30788,Grand Theft Auto V,00:38:20
30788,Grand Theft Auto V,00:38:21
30788,Grand Theft Auto V,00:38:22
30788,Grand Theft Auto V,00:38:23
30788,Grand Theft Auto V,00:38:24
30788,Grand Theft Auto V,00:38:24
30788,Grand Theft Auto V,00:38:25
30788,Grand Theft Auto V,00:38:26
30788,Grand Theft Auto V,00:38:27
30788,Grand Theft Auto V,00:38:28
30788,Grand Theft Auto V,00:38:29
30788,Grand Theft Auto V,00:38:30
30788,Grand Theft Auto V,00:38:31
30788,Grand Theft Auto V,00:38:31
30788,Grand Theft Auto V,00:38:32
30788,Grand Theft Auto V,00:38:33
30788,Grand Theft Auto V,00:38:34
30788,Grand Theft Auto V,00:38:35
30788,Grand Theft Auto V,00:38:36
30788,Grand Theft Auto V,00:38:37
30788,Grand Theft Auto V,00:38:38
30788,Grand Theft Auto V,00:38:39
30788,Grand Theft Auto V,00:38:39
30788,Grand Theft Auto V,00:38:40
30788,Grand Theft Auto V,00:38:41
30788,Grand Theft Auto V,00:38:42
30788,Grand Theft Auto V,00:38:43
30788,Grand Theft Auto V,00:38:44
30761,Grand Theft Auto V,00:38:45
30761,Grand Theft Auto V,00:38:46
30761,Grand Theft Auto V,00:38:46
30761,Grand Theft Auto V,00:38:47
30761,Grand Theft Auto V,00:38:48
30761,Grand Theft Auto V,00:38:49
30761,Grand Theft Auto V,00:38:50
30761,Grand Theft Auto V,00:38:51
30761,Grand Theft Auto V,00:38:52
30761,Grand Theft Auto V,00:38:53
30761,Grand Theft Auto V,00:38:54
30761,Grand Theft Auto V,00:38:55
30761,Grand Theft Auto V,00:38:55
30761,Grand Theft Auto V,00:38:56
30761,Grand Theft Auto V,00:38:57
30761,Grand Theft Auto V,00:38:58
30761,Grand Theft Auto V,00:38:59
30761,Grand Theft Auto V,00:39:00
30761,Grand Theft Auto V,00:39:01
30761,Grand Theft Auto V,00:39:02
30761,Grand Theft Auto V,00:39:02
30761,Grand Theft Auto V,00:39:03
30761,Grand Theft Auto V,00:39:04
30761,Grand Theft Auto V,00:39:05
30761,Grand Theft Auto V,00:39:06
30761,Grand Theft Auto V,00:39:07
30761,Grand Theft Auto V,00:39:08
30761,Grand Theft Auto V,00:39:09
30761,Grand Theft Auto V,00:39:10
30761,Grand Theft Auto V,00:39:10
30761,Grand Theft Auto V,00:39:11
30761,Grand Theft Auto V,00:39:12
30761,Grand Theft Auto V,00:39:13
30761,Grand Theft Auto V,00:39:14
30761,Grand Theft Auto V,00:39:15
30761,Grand Theft Auto V,00:39:16
30761,Grand Theft Auto V,00:39:17
30761,Grand Theft Auto V,00:39:17
30761,Grand Theft Auto V,00:39:18
30761,Grand Theft Auto V,00:39:19
30761,Grand Theft Auto V,00:39:20
30761,Grand Theft Auto V,00:39:21
30761,Grand Theft Auto V,00:39:22
30761,Grand Theft Auto V,00:39:23
30761,Grand Theft Auto V,00:39:24
30761,Grand Theft Auto V,00:39:24
30761,Grand Theft Auto V,00:39:25
30761,Grand Theft Auto V,00:39:26
30737,Grand Theft Auto V,00:39:27
30737,Grand Theft Auto V,00:39:28
30737,Grand Theft Auto V,00:39:29
30737,Grand Theft Auto V,00:39:30
30737,Grand Theft Auto V,00:39:31
30737,Grand Theft Auto V,00:39:31
30737,Grand Theft Auto V,00:39:32
30737,Grand Theft Auto V,00:39:33
30737,Grand Theft Auto V,00:39:34
30737,Grand Theft Auto V,00:39:35
30737,Grand Theft Auto V,00:39:36
30737,Grand Theft Auto V,00:39:37
30737,Grand Theft Auto V,00:39:38
30737,Grand Theft Auto V,00:39:38
30737,Grand Theft Auto V,00:39:39
30737,Grand Theft Auto V,00:39:40
30737,Grand Theft Auto V,00:39:41
30737,Grand Theft Auto V,00:39:42
30737,Grand Theft Auto V,00:39:43
30737,Grand Theft Auto V,00:39:44
30737,Grand Theft Auto V,00:39:45
30737,Grand Theft Auto V,00:39:45
30737,Grand Theft Auto V,00:39:46
30737,Grand Theft Auto V,00:39:47
30737,Grand Theft Auto V,00:39:48
30737,Grand Theft Auto V,00:39:49
30737,Grand Theft Auto V,00:39:50
30737,Grand Theft Auto V,00:39:51
30737,Grand Theft Auto V,00:39:52
30737,Grand Theft Auto V,00:39:52
30737,Grand Theft Auto V,00:39:53
30737,Grand Theft Auto V,00:39:54
30737,Grand Theft Auto V,00:39:55
30737,Grand Theft Auto V,00:39:56
30737,Grand Theft Auto V,00:39:57
30737,Grand Theft Auto V,00:39:58
30737,Grand Theft Auto V,00:39:59
30737,Grand Theft Auto V,00:40:00
30737,Grand Theft Auto V,00:40:00
30737,Grand Theft Auto V,00:40:01
30737,Grand Theft Auto V,00:40:02
30737,Grand Theft Auto V,00:40:03
30737,Grand Theft Auto V,00:40:04
30737,Grand Theft Auto V,00:40:05
30737,Grand Theft Auto V,00:40:06
30737,Grand Theft Auto V,00:40:07
30737,Grand Theft Auto V,00:40:07
30737,Grand Theft Auto V,00:40:08
30737,Grand Theft Auto V,00:40:09
30737,Grand Theft Auto V,00:40:10
30737,Grand Theft Auto V,00:40:11
30737,Grand Theft Auto V,00:40:12
30737,Grand Theft Auto V,00:40:13
30737,Grand Theft Auto V,00:40:13
30638,Grand Theft Auto V,00:40:14
30638,Grand Theft Auto V,00:40:15
30638,Grand Theft Auto V,00:40:16
30638,Grand Theft Auto V,00:40:17
30638,Grand Theft Auto V,00:40:18
30638,Grand Theft Auto V,00:40:19
30638,Grand Theft Auto V,00:40:20
30638,Grand Theft Auto V,00:40:21
30638,Grand Theft Auto V,00:40:21
30638,Grand Theft Auto V,00:40:22
30638,Grand Theft Auto V,00:40:23
30638,Grand Theft Auto V,00:40:24
30638,Grand Theft Auto V,00:40:25
30638,Grand Theft Auto V,00:40:26
30638,Grand Theft Auto V,00:40:27
30638,Grand Theft Auto V,00:40:27
30638,Grand Theft Auto V,00:40:28
30638,Grand Theft Auto V,00:40:29
30638,Grand Theft Auto V,00:40:30
30638,Grand Theft Auto V,00:40:31
30638,Grand Theft Auto V,00:40:32
30638,Grand Theft Auto V,00:40:33
30638,Grand Theft Auto V,00:40:34
30638,Grand Theft Auto V,00:40:35
30638,Grand Theft Auto V,00:40:35
30638,Grand Theft Auto V,00:40:36
30638,Grand Theft Auto V,00:40:37
30638,Grand Theft Auto V,00:40:38
30638,Grand Theft Auto V,00:40:39
30638,Grand Theft Auto V,00:40:40
30638,Grand Theft Auto V,00:40:41
30638,Grand Theft Auto V,00:40:42
30638,Grand Theft Auto V,00:40:42
30638,Grand Theft Auto V,00:40:43
30638,Grand Theft Auto V,00:40:44
30638,Grand Theft Auto V,00:40:45
30638,Grand Theft Auto V,00:40:46
30638,Grand Theft Auto V,00:40:47
30638,Grand Theft Auto V,00:40:48
30638,Grand Theft Auto V,00:40:49
30638,Grand Theft Auto V,00:40:49
30638,Grand Theft Auto V,00:40:50
30638,Grand Theft Auto V,00:40:51
30638,Grand Theft Auto V,00:40:52
30638,Grand Theft Auto V,00:40:53
30638,Grand Theft Auto V,00:40:54
30638,Grand Theft Auto V,00:40:55
30638,Grand Theft Auto V,00:40:56
30624,Grand Theft Auto V,00:40:57
30624,Grand Theft Auto V,00:40:57
30624,Grand Theft Auto V,00:40:58
30624,Grand Theft Auto V,00:40:59
30624,Grand Theft Auto V,00:41:00
30624,Grand Theft Auto V,00:41:01
30624,Grand Theft Auto V,00:41:02
30624,Grand Theft Auto V,00:41:03
30624,Grand Theft Auto V,00:41:04
30624,Grand Theft Auto V,00:41:04
30624,Grand Theft Auto V,00:41:05
30624,Grand Theft Auto V,00:41:06
30624,Grand Theft Auto V,00:41:07
30624,Grand Theft Auto V,00:41:08
30624,Grand Theft Auto V,00:41:09
30624,Grand Theft Auto V,00:41:10
30624,Grand Theft Auto V,00:41:11
30624,Grand Theft Auto V,00:41:11
30624,Grand Theft Auto V,00:41:12
30624,Grand Theft Auto V,00:41:13
30624,Grand Theft Auto V,00:41:14
30624,Grand Theft Auto V,00:41:15
30624,Grand Theft Auto V,00:41:16
30624,Grand Theft Auto V,00:41:17
30624,Grand Theft Auto V,00:41:18
30624,Grand Theft Auto V,00:41:18
30624,Grand Theft Auto V,00:41:19
30624,Grand Theft Auto V,00:41:20
30624,Grand Theft Auto V,00:41:21
30624,Grand Theft Auto V,00:41:22
30624,Grand Theft Auto V,00:41:23
30624,Grand Theft Auto V,00:41:24
30624,Grand Theft Auto V,00:41:25
30624,Grand Theft Auto V,00:41:25
30624,Grand Theft Auto V,00:41:26
30624,Grand Theft Auto V,00:41:27
30624,Grand Theft Auto V,00:41:28
30624,Grand Theft Auto V,00:41:29
30624,Grand Theft Auto V,00:41:30
30624,Grand Theft Auto V,00:41:31
30624,Grand Theft Auto V,00:41:32
30624,Grand Theft Auto V,00:41:32
30624,Grand Theft Auto V,00:41:33
30624,Grand Theft Auto V,00:41:34
30624,Grand Theft Auto V,00:41:35
30624,Grand Theft Auto V,00:41:36
30624,Grand Theft Auto V,00:41:37
30624,Grand Theft Auto V,00:41:38
30624,Grand Theft Auto V,00:41:39
30624,Grand Theft Auto V,00:41:40
30624,Grand Theft Auto V,00:41:40
30624,Grand Theft Auto V,00:41:41
30624,Grand Theft Auto V,00:41:42
30624,Grand Theft Auto V,00:41:43
30109,Grand Theft Auto V,00:41:44
30109,Grand Theft Auto V,00:41:45
30109,Grand Theft Auto V,00:41:46
30109,Grand Theft Auto V,00:41:47
30109,Grand Theft Auto V,00:41:47
30109,Grand Theft Auto V,00:41:48
30109,Grand Theft Auto V,00:41:49
30109,Grand Theft Auto V,00:41:50
30109,Grand Theft Auto V,00:41:51
30109,Grand Theft Auto V,00:41:52
30109,Grand Theft Auto V,00:41:53
30109,Grand Theft Auto V,00:41:54
30109,Grand Theft Auto V,00:41:55
30109,Grand Theft Auto V,00:41:56
30109,Grand Theft Auto V,00:41:57
30109,Grand Theft Auto V,00:41:58
30109,Grand Theft Auto V,00:41:58
30109,Grand Theft Auto V,00:41:59
30109,Grand Theft Auto V,00:42:00
30109,Grand Theft Auto V,00:42:01
30109,Grand Theft Auto V,00:42:02
30109,Grand Theft Auto V,00:42:03
30109,Grand Theft Auto V,00:42:04
30109,Grand Theft Auto V,00:42:05
30109,Grand Theft Auto V,00:42:06
30109,Grand Theft Auto V,00:42:06
30109,Grand Theft Auto V,00:42:07
30109,Grand Theft Auto V,00:42:08
30109,Grand Theft Auto V,00:42:09
30109,Grand Theft Auto V,00:42:10
30109,Grand Theft Auto V,00:42:11
30109,Grand Theft Auto V,00:42:12
30109,Grand Theft Auto V,00:42:13
30109,Grand Theft Auto V,00:42:14
30109,Grand Theft Auto V,00:42:15
30109,Grand Theft Auto V,00:42:15
30109,Grand Theft Auto V,00:42:16
30109,Grand Theft Auto V,00:42:17
30109,Grand Theft Auto V,00:42:18
30109,Grand Theft Auto V,00:42:19
30109,Grand Theft Auto V,00:42:20
30109,Grand Theft Auto V,00:42:21
30109,Grand Theft Auto V,00:42:22
30109,Grand Theft Auto V,00:42:23
30109,Grand Theft Auto V,00:42:23
30109,Grand Theft Auto V,00:42:24
30109,Grand Theft Auto V,00:42:25
30109,Grand Theft Auto V,00:42:26
29768,Grand Theft Auto V,00:42:27
29768,Grand Theft Auto V,00:42:28
29768,Grand Theft Auto V,00:42:29
29768,Grand Theft Auto V,00:42:30
29768,Grand Theft Auto V,00:42:30
29768,Grand Theft Auto V,00:42:31
29768,Grand Theft Auto V,00:42:32
29768,Grand Theft Auto V,00:42:33
29768,Grand Theft Auto V,00:42:34
29768,Grand Theft Auto V,00:42:35
29768,Grand Theft Auto V,00:42:36
29768,Grand Theft Auto V,00:42:37
29768,Grand Theft Auto V,00:42:38
29768,Grand Theft Auto V,00:42:38
29768,Grand Theft Auto V,00:42:39
29768,Grand Theft Auto V,00:42:40
29768,Grand Theft Auto V,00:42:41
29768,Grand Theft Auto V,00:42:42
29768,Grand Theft Auto V,00:42:43
29768,Grand Theft Auto V,00:42:44
29768,Grand Theft Auto V,00:42:45
29768,Grand Theft Auto V,00:42:45
29768,Grand Theft Auto V,00:42:46
29768,Grand Theft Auto V,00:42:47
29768,Grand Theft Auto V,00:42:48
29768,Grand Theft Auto V,00:42:49
29768,Grand Theft Auto V,00:42:50
29768,Grand Theft Auto V,00:42:51
29768,Grand Theft Auto V,00:42:52
29768,Grand Theft Auto V,00:42:52
29768,Grand Theft Auto V,00:42:53
29768,Grand Theft Auto V,00:42:54
29768,Grand Theft Auto V,00:42:55
29768,Grand Theft Auto V,00:42:56
29768,Grand Theft Auto V,00:42:57
29768,Grand Theft Auto V,00:42:58
29768,Grand Theft Auto V,00:42:59
29768,Grand Theft Auto V,00:43:00
29768,Grand Theft Auto V,00:43:00
29768,Grand Theft Auto V,00:43:01
29768,Grand Theft Auto V,00:43:02
29768,Grand Theft Auto V,00:43:03
29768,Grand Theft Auto V,00:43:04
29768,Grand Theft Auto V,00:43:05
29768,Grand Theft Auto V,00:43:06
29768,Grand Theft Auto V,00:43:07
29768,Grand Theft Auto V,00:43:07
29768,Grand Theft Auto V,00:43:08
29768,Grand Theft Auto V,00:43:09
29768,Grand Theft Auto V,00:43:10
29768,Grand Theft Auto V,00:43:11
29768,Grand Theft Auto V,00:43:12
29768,Grand Theft Auto V,00:43:13
29768,Grand Theft Auto V,00:43:14
29646,Grand Theft Auto V,00:43:15
29646,Grand Theft Auto V,00:43:15
29646,Grand Theft Auto V,00:43:16
29646,Grand Theft Auto V,00:43:17
29646,Grand Theft Auto V,00:43:18
29646,Grand Theft Auto V,00:43:19
29646,Grand Theft Auto V,00:43:20
29646,Grand Theft Auto V,00:43:21
29646,Grand Theft Auto V,00:43:22
29646,Grand Theft Auto V,00:43:22
29646,Grand Theft Auto V,00:43:23
29646,Grand Theft Auto V,00:43:24
29646,Grand Theft Auto V,00:43:25
29646,Grand Theft Auto V,00:43:26
29646,Grand Theft Auto V,00:43:27
29646,Grand Theft Auto V,00:43:28
29646,Grand Theft Auto V,00:43:29
29646,Grand Theft Auto V,00:43:29
29646,Grand Theft Auto V,00:43:30
29646,Grand Theft Auto V,00:43:31
29646,Grand Theft Auto V,00:43:32
29646,Grand Theft Auto V,00:43:33
29646,Grand Theft Auto V,00:43:34
29646,Grand Theft Auto V,00:43:35
29646,Grand Theft Auto V,00:43:36
29646,Grand Theft Auto V,00:43:36
29646,Grand Theft Auto V,00:43:37
29646,Grand Theft Auto V,00:43:38
29646,Grand Theft Auto V,00:43:39
29646,Grand Theft Auto V,00:43:40
29646,Grand Theft Auto V,00:43:41
29646,Grand Theft Auto V,00:43:42
29646,Grand Theft Auto V,00:43:43
29646,Grand Theft Auto V,00:43:44
29646,Grand Theft Auto V,00:43:44
29646,Grand Theft Auto V,00:43:45
29646,Grand Theft Auto V,00:43:46
29646,Grand Theft Auto V,00:43:47
29646,Grand Theft Auto V,00:43:48
29646,Grand Theft Auto V,00:43:49
29646,Grand Theft Auto V,00:43:50
29646,Grand Theft Auto V,00:43:51
29614,Grand Theft Auto V,00:43:51
29614,Grand Theft Auto V,00:43:52
29614,Grand Theft Auto V,00:43:53
29614,Grand Theft Auto V,00:43:54
29614,Grand Theft Auto V,00:43:55
29614,Grand Theft Auto V,00:43:56
29614,Grand Theft Auto V,00:43:57
29614,Grand Theft Auto V,00:43:58
29614,Grand Theft Auto V,00:43:58
29614,Grand Theft Auto V,00:43:59
29614,Grand Theft Auto V,00:44:00
29614,Grand Theft Auto V,00:44:01
29614,Grand Theft Auto V,00:44:02
29614,Grand Theft Auto V,00:44:03
29614,Grand Theft Auto V,00:44:04
29614,Grand Theft Auto V,00:44:05
29614,Grand Theft Auto V,00:44:06
29614,Grand Theft Auto V,00:44:06
29614,Grand Theft Auto V,00:44:07
29614,Grand Theft Auto V,00:44:08
29614,Grand Theft Auto V,00:44:09
29614,Grand Theft Auto V,00:44:10
29614,Grand Theft Auto V,00:44:11
29614,Grand Theft Auto V,00:44:12
29614,Grand Theft Auto V,00:44:13
29614,Grand Theft Auto V,00:44:14
29614,Grand Theft Auto V,00:44:14
29614,Grand Theft Auto V,00:44:15
29614,Grand Theft Auto V,00:44:16
29614,Grand Theft Auto V,00:44:17
29614,Grand Theft Auto V,00:44:18
29614,Grand Theft Auto V,00:44:19
29614,Grand Theft Auto V,00:44:20
29614,Grand Theft Auto V,00:44:21
29614,Grand Theft Auto V,00:44:21
29614,Grand Theft Auto V,00:44:22
29614,Grand Theft Auto V,00:44:23
29614,Grand Theft Auto V,00:44:24
29614,Grand Theft Auto V,00:44:25
29614,Grand Theft Auto V,00:44:26
29614,Grand Theft Auto V,00:44:27
29614,Grand Theft Auto V,00:44:28
29614,Grand Theft Auto V,00:44:29
29614,Grand Theft Auto V,00:44:29
29614,Grand Theft Auto V,00:44:30
29614,Grand Theft Auto V,00:44:31
29614,Grand Theft Auto V,00:44:32
29614,Grand Theft Auto V,00:44:33
29614,Grand Theft Auto V,00:44:34
29614,Grand Theft Auto V,00:44:35
29614,Grand Theft Auto V,00:44:36
29614,Grand Theft Auto V,00:44:36
29614,Grand Theft Auto V,00:44:37
29614,Grand Theft Auto V,00:44:38
29614,Grand Theft Auto V,00:44:39
29614,Grand Theft Auto V,00:44:40
29614,Grand Theft Auto V,00:44:41
29614,Grand Theft Auto V,00:44:42
29614,Grand Theft Auto V,00:44:43
29614,Grand Theft Auto V,00:44:43
29476,Grand Theft Auto V,00:44:44
29476,Grand Theft Auto V,00:44:45
29476,Grand Theft Auto V,00:44:46
29476,Grand Theft Auto V,00:44:47
29476,Grand Theft Auto V,00:44:48
29476,Grand Theft Auto V,00:44:49
29476,Grand Theft Auto V,00:44:50
29476,Grand Theft Auto V,00:44:50
29476,Grand Theft Auto V,00:44:51
29476,Grand Theft Auto V,00:44:52
29476,Grand Theft Auto V,00:44:53
29476,Grand Theft Auto V,00:44:54
29476,Grand Theft Auto V,00:44:55
29476,Grand Theft Auto V,00:44:56
29476,Grand Theft Auto V,00:44:57
29476,Grand Theft Auto V,00:44:57
29476,Grand Theft Auto V,00:44:58
29476,Grand Theft Auto V,00:44:59
29476,Grand Theft Auto V,00:45:00
29476,Grand Theft Auto V,00:45:01
29476,Grand Theft Auto V,00:45:02
29476,Grand Theft Auto V,00:45:03
29476,Grand Theft Auto V,00:45:04
29476,Grand Theft Auto V,00:45:05
29476,Grand Theft Auto V,00:45:06
29476,Grand Theft Auto V,00:45:07
29476,Grand Theft Auto V,00:45:08
29476,Grand Theft Auto V,00:45:08
29476,Grand Theft Auto V,00:45:09
29476,Grand Theft Auto V,00:45:10
29577,Grand Theft Auto V,00:45:11
29577,Grand Theft Auto V,00:45:12
29577,Grand Theft Auto V,00:45:13
29577,Grand Theft Auto V,00:45:14
29577,Grand Theft Auto V,00:45:15
29577,Grand Theft Auto V,00:45:15
29577,Grand Theft Auto V,00:45:16
29577,Grand Theft Auto V,00:45:17
29577,Grand Theft Auto V,00:45:18
29577,Grand Theft Auto V,00:45:19
29577,Grand Theft Auto V,00:45:20
29577,Grand Theft Auto V,00:45:21
29577,Grand Theft Auto V,00:45:22
29577,Grand Theft Auto V,00:45:22
29577,Grand Theft Auto V,00:45:23
29577,Grand Theft Auto V,00:45:24
29577,Grand Theft Auto V,00:45:25
29577,Grand Theft Auto V,00:45:26
29577,Grand Theft Auto V,00:45:27
29577,Grand Theft Auto V,00:45:28
29577,Grand Theft Auto V,00:45:29
29577,Grand Theft Auto V,00:45:29
29577,Grand Theft Auto V,00:45:30
29577,Grand Theft Auto V,00:45:31
29577,Grand Theft Auto V,00:45:32
29577,Grand Theft Auto V,00:45:33
29577,Grand Theft Auto V,00:45:34
29577,Grand Theft Auto V,00:45:35
29577,Grand Theft Auto V,00:45:36
29577,Grand Theft Auto V,00:45:37
29577,Grand Theft Auto V,00:45:38
29577,Grand Theft Auto V,00:45:39
29577,Grand Theft Auto V,00:45:39
29577,Grand Theft Auto V,00:45:40
29577,Grand Theft Auto V,00:45:41
29577,Grand Theft Auto V,00:45:42
29577,Grand Theft Auto V,00:45:43
29577,Grand Theft Auto V,00:45:44
29577,Grand Theft Auto V,00:45:45
29577,Grand Theft Auto V,00:45:46
29577,Grand Theft Auto V,00:45:46
29577,Grand Theft Auto V,00:45:47
29577,Grand Theft Auto V,00:45:48
29577,Grand Theft Auto V,00:45:49
29577,Grand Theft Auto V,00:45:50
29577,Grand Theft Auto V,00:45:51
29577,Grand Theft Auto V,00:45:52
29577,Grand Theft Auto V,00:45:53
29577,Grand Theft Auto V,00:45:54
29577,Grand Theft Auto V,00:45:54
29577,Grand Theft Auto V,00:45:55
29577,Grand Theft Auto V,00:45:56
29577,Grand Theft Auto V,00:45:57
29577,Grand Theft Auto V,00:45:58
29725,Grand Theft Auto V,00:45:59
29725,Grand Theft Auto V,00:46:00
29725,Grand Theft Auto V,00:46:01
29725,Grand Theft Auto V,00:46:01
29725,Grand Theft Auto V,00:46:02
29725,Grand Theft Auto V,00:46:03
29725,Grand Theft Auto V,00:46:04
29725,Grand Theft Auto V,00:46:05
29725,Grand Theft Auto V,00:46:06
29725,Grand Theft Auto V,00:46:07
29725,Grand Theft Auto V,00:46:08
29725,Grand Theft Auto V,00:46:08
29725,Grand Theft Auto V,00:46:09
29725,Grand Theft Auto V,00:46:10
29725,Grand Theft Auto V,00:46:11
29725,Grand Theft Auto V,00:46:12
29725,Grand Theft Auto V,00:46:13
29725,Grand Theft Auto V,00:46:14
29725,Grand Theft Auto V,00:46:15
29725,Grand Theft Auto V,00:46:15
29725,Grand Theft Auto V,00:46:16
29725,Grand Theft Auto V,00:46:17
29725,Grand Theft Auto V,00:46:18
29725,Grand Theft Auto V,00:46:19
29725,Grand Theft Auto V,00:46:20
29725,Grand Theft Auto V,00:46:21
29725,Grand Theft Auto V,00:46:22
29725,Grand Theft Auto V,00:46:22
29725,Grand Theft Auto V,00:46:23
29725,Grand Theft Auto V,00:46:24
29725,Grand Theft Auto V,00:46:25
29725,Grand Theft Auto V,00:46:26
29725,Grand Theft Auto V,00:46:27
29725,Grand Theft Auto V,00:46:28
29725,Grand Theft Auto V,00:46:29
29725,Grand Theft Auto V,00:46:30
29725,Grand Theft Auto V,00:46:30
29725,Grand Theft Auto V,00:46:31
29725,Grand Theft Auto V,00:46:32
29725,Grand Theft Auto V,00:46:33
29725,Grand Theft Auto V,00:46:34
29725,Grand Theft Auto V,00:46:35
29725,Grand Theft Auto V,00:46:36
29725,Grand Theft Auto V,00:46:37
29725,Grand Theft Auto V,00:46:37
29725,Grand Theft Auto V,00:46:38
29725,Grand Theft Auto V,00:46:39
29725,Grand Theft Auto V,00:46:40
29894,Grand Theft Auto V,00:46:41
29894,Grand Theft Auto V,00:46:42
29894,Grand Theft Auto V,00:46:43
29894,Grand Theft Auto V,00:46:44
29894,Grand Theft Auto V,00:46:45
29894,Grand Theft Auto V,00:46:46
29894,Grand Theft Auto V,00:46:46
29894,Grand Theft Auto V,00:46:47
29894,Grand Theft Auto V,00:46:48
29894,Grand Theft Auto V,00:46:49
29894,Grand Theft Auto V,00:46:50
29894,Grand Theft Auto V,00:46:51
29894,Grand Theft Auto V,00:46:52
29894,Grand Theft Auto V,00:46:53
29894,Grand Theft Auto V,00:46:54
29894,Grand Theft Auto V,00:46:54
29894,Grand Theft Auto V,00:46:55
29894,Grand Theft Auto V,00:46:56
29894,Grand Theft Auto V,00:46:57
29894,Grand Theft Auto V,00:46:58
29894,Grand Theft Auto V,00:46:59
29894,Grand Theft Auto V,00:47:00
29894,Grand Theft Auto V,00:47:00
29894,Grand Theft Auto V,00:47:01
29894,Grand Theft Auto V,00:47:02
29894,Grand Theft Auto V,00:47:03
29894,Grand Theft Auto V,00:47:04
29894,Grand Theft Auto V,00:47:05
29894,Grand Theft Auto V,00:47:06
29894,Grand Theft Auto V,00:47:07
29894,Grand Theft Auto V,00:47:07
29894,Grand Theft Auto V,00:47:08
29894,Grand Theft Auto V,00:47:09
29894,Grand Theft Auto V,00:47:10
29894,Grand Theft Auto V,00:47:11
29894,Grand Theft Auto V,00:47:12
29894,Grand Theft Auto V,00:47:13
29894,Grand Theft Auto V,00:47:14
29894,Grand Theft Auto V,00:47:14
29894,Grand Theft Auto V,00:47:15
29894,Grand Theft Auto V,00:47:16
29894,Grand Theft Auto V,00:47:17
29894,Grand Theft Auto V,00:47:18
29894,Grand Theft Auto V,00:47:19
29894,Grand Theft Auto V,00:47:20
29894,Grand Theft Auto V,00:47:21
29894,Grand Theft Auto V,00:47:21
29894,Grand Theft Auto V,00:47:22
29894,Grand Theft Auto V,00:47:23
29894,Grand Theft Auto V,00:47:24
29894,Grand Theft Auto V,00:47:25
29894,Grand Theft Auto V,00:47:26
29894,Grand Theft Auto V,00:47:27
29894,Grand Theft Auto V,00:47:27
30133,Grand Theft Auto V,00:47:28
30133,Grand Theft Auto V,00:47:29
30133,Grand Theft Auto V,00:47:30
30133,Grand Theft Auto V,00:47:31
30133,Grand Theft Auto V,00:47:32
30133,Grand Theft Auto V,00:47:33
30133,Grand Theft Auto V,00:47:34
30133,Grand Theft Auto V,00:47:35
30133,Grand Theft Auto V,00:47:36
30133,Grand Theft Auto V,00:47:37
30133,Grand Theft Auto V,00:47:37
30133,Grand Theft Auto V,00:47:38
30133,Grand Theft Auto V,00:47:39
30133,Grand Theft Auto V,00:47:40
30133,Grand Theft Auto V,00:47:41
30133,Grand Theft Auto V,00:47:42
30133,Grand Theft Auto V,00:47:43
30133,Grand Theft Auto V,00:47:44
30133,Grand Theft Auto V,00:47:44
30133,Grand Theft Auto V,00:47:45
30133,Grand Theft Auto V,00:47:46
30133,Grand Theft Auto V,00:47:47
30133,Grand Theft Auto V,00:47:48
30133,Grand Theft Auto V,00:47:49
30133,Grand Theft Auto V,00:47:50
30133,Grand Theft Auto V,00:47:51
30133,Grand Theft Auto V,00:47:51
30133,Grand Theft Auto V,00:47:52
30133,Grand Theft Auto V,00:47:53
30133,Grand Theft Auto V,00:47:54
30133,Grand Theft Auto V,00:47:55
30133,Grand Theft Auto V,00:47:56
30133,Grand Theft Auto V,00:47:57
30133,Grand Theft Auto V,00:47:58
30133,Grand Theft Auto V,00:47:58
30133,Grand Theft Auto V,00:47:59
30133,Grand Theft Auto V,00:48:00
30133,Grand Theft Auto V,00:48:01
30133,Grand Theft Auto V,00:48:02
30133,Grand Theft Auto V,00:48:03
30133,Grand Theft Auto V,00:48:04
30133,Grand Theft Auto V,00:48:05
30133,Grand Theft Auto V,00:48:06
30133,Grand Theft Auto V,00:48:07
30133,Grand Theft Auto V,00:48:08
30133,Grand Theft Auto V,00:48:09
30133,Grand Theft Auto V,00:48:09
30133,Grand Theft Auto V,00:48:10
30284,Grand Theft Auto V,00:48:11
30284,Grand Theft Auto V,00:48:12
30284,Grand Theft Auto V,00:48:13
30284,Grand Theft Auto V,00:48:14
30284,Grand Theft Auto V,00:48:15
30284,Grand Theft Auto V,00:48:16
30284,Grand Theft Auto V,00:48:16
30284,Grand Theft Auto V,00:48:17
30284,Grand Theft Auto V,00:48:18
30284,Grand Theft Auto V,00:48:19
30284,Grand Theft Auto V,00:48:20
30284,Grand Theft Auto V,00:48:21
30284,Grand Theft Auto V,00:48:22
30284,Grand Theft Auto V,00:48:23
30284,Grand Theft Auto V,00:48:24
30284,Grand Theft Auto V,00:48:24
30284,Grand Theft Auto V,00:48:25
30284,Grand Theft Auto V,00:48:26
30284,Grand Theft Auto V,00:48:27
30284,Grand Theft Auto V,00:48:28
30284,Grand Theft Auto V,00:48:29
30284,Grand Theft Auto V,00:48:30
30284,Grand Theft Auto V,00:48:31
30284,Grand Theft Auto V,00:48:31
30284,Grand Theft Auto V,00:48:32
30284,Grand Theft Auto V,00:48:33
30284,Grand Theft Auto V,00:48:34
30284,Grand Theft Auto V,00:48:35
30284,Grand Theft Auto V,00:48:36
30284,Grand Theft Auto V,00:48:37
30284,Grand Theft Auto V,00:48:38
30284,Grand Theft Auto V,00:48:39
30284,Grand Theft Auto V,00:48:39
30284,Grand Theft Auto V,00:48:41
30284,Grand Theft Auto V,00:48:44
30284,Grand Theft Auto V,00:48:45
30284,Grand Theft Auto V,00:48:46
30284,Grand Theft Auto V,00:48:47
30284,Grand Theft Auto V,00:48:48
30284,Grand Theft Auto V,00:48:49
30284,Grand Theft Auto V,00:48:50
30284,Grand Theft Auto V,00:48:51
30284,Grand Theft Auto V,00:48:51
30284,Grand Theft Auto V,00:48:52
30284,Grand Theft Auto V,00:48:53
30284,Grand Theft Auto V,00:48:54
30284,Grand Theft Auto V,00:48:55
30284,Grand Theft Auto V,00:48:56
30284,Grand Theft Auto V,00:48:57
30284,Grand Theft Auto V,00:48:58
30284,Grand Theft Auto V,00:48:58
30284,Grand Theft Auto V,00:48:59
30364,Grand Theft Auto V,00:49:00
30364,Grand Theft Auto V,00:49:01
30364,Grand Theft Auto V,00:49:02
30364,Grand Theft Auto V,00:49:03
30364,Grand Theft Auto V,00:49:04
30364,Grand Theft Auto V,00:49:05
30364,Grand Theft Auto V,00:49:06
30364,Grand Theft Auto V,00:49:06
30364,Grand Theft Auto V,00:49:07
30364,Grand Theft Auto V,00:49:08
30364,Grand Theft Auto V,00:49:09
30364,Grand Theft Auto V,00:49:10
30364,Grand Theft Auto V,00:49:11
30364,Grand Theft Auto V,00:49:12
30364,Grand Theft Auto V,00:49:13
30364,Grand Theft Auto V,00:49:13
30364,Grand Theft Auto V,00:49:14
30364,Grand Theft Auto V,00:49:15
30364,Grand Theft Auto V,00:49:16
30364,Grand Theft Auto V,00:49:17
30364,Grand Theft Auto V,00:49:18
30364,Grand Theft Auto V,00:49:19
30364,Grand Theft Auto V,00:49:20
30364,Grand Theft Auto V,00:49:20
30364,Grand Theft Auto V,00:49:21
30364,Grand Theft Auto V,00:49:22
30364,Grand Theft Auto V,00:49:23
30364,Grand Theft Auto V,00:49:24
30364,Grand Theft Auto V,00:49:25
30364,Grand Theft Auto V,00:49:26
30364,Grand Theft Auto V,00:49:27
30364,Grand Theft Auto V,00:49:27
30364,Grand Theft Auto V,00:49:28
30364,Grand Theft Auto V,00:49:29
30364,Grand Theft Auto V,00:49:30
30364,Grand Theft Auto V,00:49:31
30364,Grand Theft Auto V,00:49:32
30364,Grand Theft Auto V,00:49:33
30364,Grand Theft Auto V,00:49:34
30364,Grand Theft Auto V,00:49:34
30364,Grand Theft Auto V,00:49:35
30364,Grand Theft Auto V,00:49:36
30364,Grand Theft Auto V,00:49:37
30364,Grand Theft Auto V,00:49:38
30364,Grand Theft Auto V,00:49:39
30364,Grand Theft Auto V,00:49:40
30364,Grand Theft Auto V,00:49:41
30364,Grand Theft Auto V,00:49:41
30657,Grand Theft Auto V,00:49:42
30657,Grand Theft Auto V,00:49:43
30657,Grand Theft Auto V,00:49:44
30657,Grand Theft Auto V,00:49:45
30657,Grand Theft Auto V,00:49:46
30657,Grand Theft Auto V,00:49:47
30657,Grand Theft Auto V,00:49:48
30657,Grand Theft Auto V,00:49:48
30657,Grand Theft Auto V,00:49:49
30657,Grand Theft Auto V,00:49:50
30657,Grand Theft Auto V,00:49:51
30657,Grand Theft Auto V,00:49:52
30657,Grand Theft Auto V,00:49:53
30657,Grand Theft Auto V,00:49:54
30657,Grand Theft Auto V,00:49:55
30657,Grand Theft Auto V,00:49:55
30657,Grand Theft Auto V,00:49:56
30657,Grand Theft Auto V,00:49:57
30657,Grand Theft Auto V,00:49:58
30657,Grand Theft Auto V,00:49:59
30657,Grand Theft Auto V,00:50:00
30657,Grand Theft Auto V,00:50:01
30657,Grand Theft Auto V,00:50:01
30657,Grand Theft Auto V,00:50:02
30657,Grand Theft Auto V,00:50:03
30657,Grand Theft Auto V,00:50:04
30657,Grand Theft Auto V,00:50:05
30657,Grand Theft Auto V,00:50:06
30657,Grand Theft Auto V,00:50:07
30657,Grand Theft Auto V,00:50:08
30657,Grand Theft Auto V,00:50:09
30657,Grand Theft Auto V,00:50:09
30657,Grand Theft Auto V,00:50:10
30657,Grand Theft Auto V,00:50:11
30657,Grand Theft Auto V,00:50:12
30657,Grand Theft Auto V,00:50:13
30657,Grand Theft Auto V,00:50:14
30657,Grand Theft Auto V,00:50:15
30657,Grand Theft Auto V,00:50:16
30657,Grand Theft Auto V,00:50:16
30657,Grand Theft Auto V,00:50:17
30657,Grand Theft Auto V,00:50:18
30657,Grand Theft Auto V,00:50:19
30657,Grand Theft Auto V,00:50:20
30657,Grand Theft Auto V,00:50:21
30657,Grand Theft Auto V,00:50:22
30657,Grand Theft Auto V,00:50:23
30657,Grand Theft Auto V,00:50:23
30657,Grand Theft Auto V,00:50:24
30657,Grand Theft Auto V,00:50:25
30657,Grand Theft Auto V,00:50:26
30657,Grand Theft Auto V,00:50:27
30657,Grand Theft Auto V,00:50:28
30657,Grand Theft Auto V,00:50:29
30608,Grand Theft Auto V,00:50:30
30608,Grand Theft Auto V,00:50:31
30608,Grand Theft Auto V,00:50:31
30608,Grand Theft Auto V,00:50:32
30608,Grand Theft Auto V,00:50:33
30608,Grand Theft Auto V,00:50:34
30608,Grand Theft Auto V,00:50:35
30608,Grand Theft Auto V,00:50:36
30608,Grand Theft Auto V,00:50:37
30608,Grand Theft Auto V,00:50:38
30608,Grand Theft Auto V,00:50:39
30608,Grand Theft Auto V,00:50:40
30608,Grand Theft Auto V,00:50:41
30608,Grand Theft Auto V,00:50:42
30608,Grand Theft Auto V,00:50:43
30608,Grand Theft Auto V,00:50:43
30608,Grand Theft Auto V,00:50:44
30608,Grand Theft Auto V,00:50:45
30608,Grand Theft Auto V,00:50:46
30608,Grand Theft Auto V,00:50:47
30608,Grand Theft Auto V,00:50:48
30608,Grand Theft Auto V,00:50:49
30608,Grand Theft Auto V,00:50:49
30608,Grand Theft Auto V,00:50:50
30608,Grand Theft Auto V,00:50:51
30608,Grand Theft Auto V,00:50:52
30608,Grand Theft Auto V,00:50:53
30608,Grand Theft Auto V,00:50:54
30608,Grand Theft Auto V,00:50:55
30608,Grand Theft Auto V,00:50:56
30608,Grand Theft Auto V,00:50:56
30608,Grand Theft Auto V,00:50:57
30608,Grand Theft Auto V,00:50:58
30608,Grand Theft Auto V,00:50:59
30608,Grand Theft Auto V,00:51:00
30608,Grand Theft Auto V,00:51:01
30608,Grand Theft Auto V,00:51:02
30608,Grand Theft Auto V,00:51:03
30608,Grand Theft Auto V,00:51:03
30608,Grand Theft Auto V,00:51:04
30608,Grand Theft Auto V,00:51:05
30608,Grand Theft Auto V,00:51:06
30608,Grand Theft Auto V,00:51:07
30608,Grand Theft Auto V,00:51:08
30608,Grand Theft Auto V,00:51:09
30608,Grand Theft Auto V,00:51:10
30608,Grand Theft Auto V,00:51:10
30608,Grand Theft Auto V,00:51:11
29896,Grand Theft Auto V,00:51:13
29896,Grand Theft Auto V,00:51:13
29896,Grand Theft Auto V,00:51:14
29896,Grand Theft Auto V,00:51:15
29896,Grand Theft Auto V,00:51:16
29896,Grand Theft Auto V,00:51:17
29896,Grand Theft Auto V,00:51:18
29896,Grand Theft Auto V,00:51:19
29896,Grand Theft Auto V,00:51:20
29896,Grand Theft Auto V,00:51:20
29896,Grand Theft Auto V,00:51:21
29896,Grand Theft Auto V,00:51:22
29896,Grand Theft Auto V,00:51:23
29896,Grand Theft Auto V,00:51:24
29896,Grand Theft Auto V,00:51:25
29896,Grand Theft Auto V,00:51:26
29896,Grand Theft Auto V,00:51:27
29896,Grand Theft Auto V,00:51:27
29896,Grand Theft Auto V,00:51:28
29896,Grand Theft Auto V,00:51:29
29896,Grand Theft Auto V,00:51:30
29896,Grand Theft Auto V,00:51:31
29896,Grand Theft Auto V,00:51:32
29896,Grand Theft Auto V,00:51:33
29896,Grand Theft Auto V,00:51:34
29896,Grand Theft Auto V,00:51:35
29896,Grand Theft Auto V,00:51:35
29896,Grand Theft Auto V,00:51:36
29896,Grand Theft Auto V,00:51:37
29896,Grand Theft Auto V,00:51:38
29896,Grand Theft Auto V,00:51:39
29896,Grand Theft Auto V,00:51:40
29896,Grand Theft Auto V,00:51:41
29896,Grand Theft Auto V,00:51:42
29896,Grand Theft Auto V,00:51:42
29896,Grand Theft Auto V,00:51:43
29896,Grand Theft Auto V,00:51:44
29896,Grand Theft Auto V,00:51:45
29896,Grand Theft Auto V,00:51:46
29896,Grand Theft Auto V,00:51:47
29896,Grand Theft Auto V,00:51:48
29896,Grand Theft Auto V,00:51:49
29896,Grand Theft Auto V,00:51:50
29896,Grand Theft Auto V,00:51:50
29896,Grand Theft Auto V,00:51:51
29896,Grand Theft Auto V,00:51:52
29896,Grand Theft Auto V,00:51:53
29896,Grand Theft Auto V,00:51:54
29896,Grand Theft Auto V,00:51:55
29896,Grand Theft Auto V,00:51:56
29896,Grand Theft Auto V,00:51:57
29896,Grand Theft Auto V,00:51:57
29896,Grand Theft Auto V,00:51:58
29896,Grand Theft Auto V,00:51:59
29802,Grand Theft Auto V,00:52:00
29802,Grand Theft Auto V,00:52:01
29802,Grand Theft Auto V,00:52:02
29802,Grand Theft Auto V,00:52:03
29802,Grand Theft Auto V,00:52:03
29802,Grand Theft Auto V,00:52:04
29802,Grand Theft Auto V,00:52:05
29802,Grand Theft Auto V,00:52:06
29802,Grand Theft Auto V,00:52:07
29802,Grand Theft Auto V,00:52:08
29802,Grand Theft Auto V,00:52:09
29802,Grand Theft Auto V,00:52:10
29802,Grand Theft Auto V,00:52:11
29802,Grand Theft Auto V,00:52:11
29802,Grand Theft Auto V,00:52:12
29802,Grand Theft Auto V,00:52:13
29802,Grand Theft Auto V,00:52:14
29802,Grand Theft Auto V,00:52:15
29802,Grand Theft Auto V,00:52:16
29802,Grand Theft Auto V,00:52:17
29802,Grand Theft Auto V,00:52:17
29802,Grand Theft Auto V,00:52:18
29802,Grand Theft Auto V,00:52:19
29802,Grand Theft Auto V,00:52:20
29802,Grand Theft Auto V,00:52:21
29802,Grand Theft Auto V,00:52:22
29802,Grand Theft Auto V,00:52:23
29802,Grand Theft Auto V,00:52:24
29802,Grand Theft Auto V,00:52:24
29802,Grand Theft Auto V,00:52:25
29802,Grand Theft Auto V,00:52:26
29802,Grand Theft Auto V,00:52:27
29802,Grand Theft Auto V,00:52:28
29802,Grand Theft Auto V,00:52:29
29802,Grand Theft Auto V,00:52:30
29802,Grand Theft Auto V,00:52:31
29802,Grand Theft Auto V,00:52:32
29802,Grand Theft Auto V,00:52:32
29802,Grand Theft Auto V,00:52:33
29802,Grand Theft Auto V,00:52:34
29802,Grand Theft Auto V,00:52:35
29802,Grand Theft Auto V,00:52:36
29802,Grand Theft Auto V,00:52:37
29802,Grand Theft Auto V,00:52:38
29802,Grand Theft Auto V,00:52:39
29802,Grand Theft Auto V,00:52:39
29802,Grand Theft Auto V,00:52:40
29802,Grand Theft Auto V,00:52:41
29802,Grand Theft Auto V,00:52:42
29802,Grand Theft Auto V,00:52:43
29802,Grand Theft Auto V,00:52:44
29802,Grand Theft Auto V,00:52:45
29802,Grand Theft Auto V,00:52:46
29802,Grand Theft Auto V,00:52:46
29802,Grand Theft Auto V,00:52:47
29802,Grand Theft Auto V,00:52:48
29802,Grand Theft Auto V,00:52:49
29802,Grand Theft Auto V,00:52:54
29802,Grand Theft Auto V,00:52:54
29802,Grand Theft Auto V,00:52:55
29802,Grand Theft Auto V,00:52:56
29802,Grand Theft Auto V,00:52:57
29802,Grand Theft Auto V,00:52:58
29796,Grand Theft Auto V,00:52:59
29796,Grand Theft Auto V,00:53:00
29796,Grand Theft Auto V,00:53:01
29796,Grand Theft Auto V,00:53:01
29796,Grand Theft Auto V,00:53:02
29796,Grand Theft Auto V,00:53:03
29796,Grand Theft Auto V,00:53:04
29796,Grand Theft Auto V,00:53:05
29796,Grand Theft Auto V,00:53:06
29796,Grand Theft Auto V,00:53:07
29796,Grand Theft Auto V,00:53:08
29796,Grand Theft Auto V,00:53:08
29796,Grand Theft Auto V,00:53:10
29796,Grand Theft Auto V,00:53:11
29796,Grand Theft Auto V,00:53:11
29796,Grand Theft Auto V,00:53:12
29796,Grand Theft Auto V,00:53:13
29796,Grand Theft Auto V,00:53:14
29796,Grand Theft Auto V,00:53:15
29796,Grand Theft Auto V,00:53:16
29796,Grand Theft Auto V,00:53:17
29796,Grand Theft Auto V,00:53:18
29796,Grand Theft Auto V,00:53:18
29796,Grand Theft Auto V,00:53:19
29796,Grand Theft Auto V,00:53:20
29796,Grand Theft Auto V,00:53:21
29796,Grand Theft Auto V,00:53:22
29796,Grand Theft Auto V,00:53:26
29796,Grand Theft Auto V,00:53:27
29796,Grand Theft Auto V,00:53:28
29796,Grand Theft Auto V,00:53:29
29796,Grand Theft Auto V,00:53:30
29796,Grand Theft Auto V,00:53:31
29834,Grand Theft Auto V,00:53:32
29834,Grand Theft Auto V,00:53:32
29834,Grand Theft Auto V,00:53:33
29834,Grand Theft Auto V,00:53:34
29834,Grand Theft Auto V,00:53:35
29834,Grand Theft Auto V,00:53:36
29834,Grand Theft Auto V,00:53:37
29834,Grand Theft Auto V,00:53:38
29834,Grand Theft Auto V,00:53:38
29834,Grand Theft Auto V,00:53:39
29834,Grand Theft Auto V,00:53:40
29834,Grand Theft Auto V,00:53:41
29834,Grand Theft Auto V,00:53:42
29834,Grand Theft Auto V,00:53:43
29834,Grand Theft Auto V,00:53:44
29834,Grand Theft Auto V,00:53:45
29834,Grand Theft Auto V,00:53:46
29834,Grand Theft Auto V,00:53:46
29834,Grand Theft Auto V,00:53:47
29834,Grand Theft Auto V,00:53:48
29834,Grand Theft Auto V,00:53:49
29834,Grand Theft Auto V,00:53:50
29834,Grand Theft Auto V,00:53:51
29834,Grand Theft Auto V,00:53:52
29834,Grand Theft Auto V,00:53:53
29834,Grand Theft Auto V,00:53:53
29834,Grand Theft Auto V,00:53:54
29834,Grand Theft Auto V,00:53:55
29834,Grand Theft Auto V,00:53:56
29834,Grand Theft Auto V,00:53:57
29834,Grand Theft Auto V,00:53:58
29834,Grand Theft Auto V,00:53:59
29834,Grand Theft Auto V,00:54:00
29834,Grand Theft Auto V,00:54:00
29834,Grand Theft Auto V,00:54:01
29834,Grand Theft Auto V,00:54:02
29834,Grand Theft Auto V,00:54:03
29834,Grand Theft Auto V,00:54:04
29834,Grand Theft Auto V,00:54:05
29834,Grand Theft Auto V,00:54:06
29834,Grand Theft Auto V,00:54:07
29834,Grand Theft Auto V,00:54:07
29834,Grand Theft Auto V,00:54:08
29834,Grand Theft Auto V,00:54:09
29834,Grand Theft Auto V,00:54:10
29834,Grand Theft Auto V,00:54:11
29834,Grand Theft Auto V,00:54:12
29834,Grand Theft Auto V,00:54:13
29983,Grand Theft Auto V,00:54:14
29983,Grand Theft Auto V,00:54:14
29983,Grand Theft Auto V,00:54:15
29983,Grand Theft Auto V,00:54:16
29983,Grand Theft Auto V,00:54:17
29983,Grand Theft Auto V,00:54:18
29983,Grand Theft Auto V,00:54:19
29983,Grand Theft Auto V,00:54:20
29983,Grand Theft Auto V,00:54:21
29983,Grand Theft Auto V,00:54:21
29983,Grand Theft Auto V,00:54:22
29983,Grand Theft Auto V,00:54:23
29983,Grand Theft Auto V,00:54:24
29983,Grand Theft Auto V,00:54:25
29983,Grand Theft Auto V,00:54:26
29983,Grand Theft Auto V,00:54:27
29983,Grand Theft Auto V,00:54:28
29983,Grand Theft Auto V,00:54:28
29983,Grand Theft Auto V,00:54:29
29983,Grand Theft Auto V,00:54:30
29983,Grand Theft Auto V,00:54:31
29983,Grand Theft Auto V,00:54:32
29983,Grand Theft Auto V,00:54:33
29983,Grand Theft Auto V,00:54:34
29983,Grand Theft Auto V,00:54:35
29983,Grand Theft Auto V,00:54:36
29983,Grand Theft Auto V,00:54:36
29983,Grand Theft Auto V,00:54:37
29983,Grand Theft Auto V,00:54:38
29983,Grand Theft Auto V,00:54:39
29983,Grand Theft Auto V,00:54:40
29983,Grand Theft Auto V,00:54:41
29983,Grand Theft Auto V,00:54:42
29983,Grand Theft Auto V,00:54:43
29983,Grand Theft Auto V,00:54:43
29983,Grand Theft Auto V,00:54:44
30059,Grand Theft Auto V,00:54:45
30059,Grand Theft Auto V,00:54:46
30059,Grand Theft Auto V,00:54:47
30059,Grand Theft Auto V,00:54:48
30059,Grand Theft Auto V,00:54:49
30059,Grand Theft Auto V,00:54:50
30059,Grand Theft Auto V,00:54:51
30059,Grand Theft Auto V,00:54:51
30059,Grand Theft Auto V,00:54:52
30059,Grand Theft Auto V,00:54:53
30059,Grand Theft Auto V,00:54:54
30059,Grand Theft Auto V,00:54:55
30059,Grand Theft Auto V,00:54:56
30059,Grand Theft Auto V,00:54:57
30059,Grand Theft Auto V,00:54:58
30059,Grand Theft Auto V,00:54:58
30059,Grand Theft Auto V,00:54:59
30059,Grand Theft Auto V,00:55:00
30059,Grand Theft Auto V,00:55:01
30059,Grand Theft Auto V,00:55:02
30059,Grand Theft Auto V,00:55:03
30059,Grand Theft Auto V,00:55:04
30059,Grand Theft Auto V,00:55:05
30059,Grand Theft Auto V,00:55:05
30059,Grand Theft Auto V,00:55:06
30059,Grand Theft Auto V,00:55:07
30059,Grand Theft Auto V,00:55:08
30059,Grand Theft Auto V,00:55:09
30059,Grand Theft Auto V,00:55:10
30059,Grand Theft Auto V,00:55:11
30059,Grand Theft Auto V,00:55:12
30059,Grand Theft Auto V,00:55:13
30059,Grand Theft Auto V,00:55:13
30059,Grand Theft Auto V,00:55:14
30059,Grand Theft Auto V,00:55:15
30059,Grand Theft Auto V,00:55:16
30059,Grand Theft Auto V,00:55:17
30059,Grand Theft Auto V,00:55:18
30059,Grand Theft Auto V,00:55:19
30059,Grand Theft Auto V,00:55:20
30059,Grand Theft Auto V,00:55:21
30059,Grand Theft Auto V,00:55:21
30059,Grand Theft Auto V,00:55:22
30059,Grand Theft Auto V,00:55:23
30059,Grand Theft Auto V,00:55:24
30059,Grand Theft Auto V,00:55:25
30059,Grand Theft Auto V,00:55:26
30059,Grand Theft Auto V,00:55:27
30059,Grand Theft Auto V,00:55:28
30059,Grand Theft Auto V,00:55:29
30059,Grand Theft Auto V,00:55:29
30059,Grand Theft Auto V,00:55:30
30059,Grand Theft Auto V,00:55:31
30059,Grand Theft Auto V,00:55:32
30059,Grand Theft Auto V,00:55:33
30059,Grand Theft Auto V,00:55:34
30059,Grand Theft Auto V,00:55:35
30059,Grand Theft Auto V,00:55:36
30059,Grand Theft Auto V,00:55:36
30059,Grand Theft Auto V,00:55:37
30059,Grand Theft Auto V,00:55:38
30059,Grand Theft Auto V,00:55:39
30059,Grand Theft Auto V,00:55:40
30059,Grand Theft Auto V,00:55:41
30059,Grand Theft Auto V,00:55:42
30059,Grand Theft Auto V,00:55:43
30261,Grand Theft Auto V,00:55:43
30261,Grand Theft Auto V,00:55:44
30261,Grand Theft Auto V,00:55:45
30261,Grand Theft Auto V,00:55:46
30261,Grand Theft Auto V,00:55:47
30261,Grand Theft Auto V,00:55:48
30261,Grand Theft Auto V,00:55:49
30261,Grand Theft Auto V,00:55:50
30261,Grand Theft Auto V,00:55:51
30261,Grand Theft Auto V,00:55:51
30261,Grand Theft Auto V,00:55:52
30261,Grand Theft Auto V,00:55:53
30261,Grand Theft Auto V,00:55:54
30261,Grand Theft Auto V,00:55:55
30261,Grand Theft Auto V,00:55:56
30261,Grand Theft Auto V,00:55:57
30261,Grand Theft Auto V,00:55:58
30261,Grand Theft Auto V,00:55:58
30261,Grand Theft Auto V,00:55:59
30261,Grand Theft Auto V,00:56:00
30261,Grand Theft Auto V,00:56:01
30261,Grand Theft Auto V,00:56:02
30261,Grand Theft Auto V,00:56:03
30261,Grand Theft Auto V,00:56:04
30261,Grand Theft Auto V,00:56:05
30261,Grand Theft Auto V,00:56:06
30261,Grand Theft Auto V,00:56:06
30261,Grand Theft Auto V,00:56:07
30261,Grand Theft Auto V,00:56:08
30261,Grand Theft Auto V,00:56:09
30261,Grand Theft Auto V,00:56:10
30261,Grand Theft Auto V,00:56:11
30261,Grand Theft Auto V,00:56:12
30261,Grand Theft Auto V,00:56:13
30261,Grand Theft Auto V,00:56:13
30261,Grand Theft Auto V,00:56:14
30261,Grand Theft Auto V,00:56:15
30261,Grand Theft Auto V,00:56:16
30261,Grand Theft Auto V,00:56:17
30261,Grand Theft Auto V,00:56:18
30261,Grand Theft Auto V,00:56:19
30261,Grand Theft Auto V,00:56:20
30261,Grand Theft Auto V,00:56:20
30261,Grand Theft Auto V,00:56:21
30261,Grand Theft Auto V,00:56:22
30261,Grand Theft Auto V,00:56:23
30261,Grand Theft Auto V,00:56:24
30261,Grand Theft Auto V,00:56:25
30261,Grand Theft Auto V,00:56:26
30261,Grand Theft Auto V,00:56:27
30261,Grand Theft Auto V,00:56:27
30261,Grand Theft Auto V,00:56:28
30261,Grand Theft Auto V,00:56:29
30261,Grand Theft Auto V,00:56:30
30375,Grand Theft Auto V,00:56:31
30375,Grand Theft Auto V,00:56:32
30375,Grand Theft Auto V,00:56:33
30375,Grand Theft Auto V,00:56:34
30375,Grand Theft Auto V,00:56:35
30375,Grand Theft Auto V,00:56:35
30375,Grand Theft Auto V,00:56:36
30375,Grand Theft Auto V,00:56:37
30375,Grand Theft Auto V,00:56:38
30375,Grand Theft Auto V,00:56:39
30375,Grand Theft Auto V,00:56:40
30375,Grand Theft Auto V,00:56:41
30375,Grand Theft Auto V,00:56:42
30375,Grand Theft Auto V,00:56:43
30375,Grand Theft Auto V,00:56:43
30375,Grand Theft Auto V,00:56:44
30375,Grand Theft Auto V,00:56:45
30375,Grand Theft Auto V,00:56:46
30375,Grand Theft Auto V,00:56:47
30375,Grand Theft Auto V,00:56:48
30375,Grand Theft Auto V,00:56:49
30375,Grand Theft Auto V,00:56:49
30375,Grand Theft Auto V,00:56:51
30375,Grand Theft Auto V,00:56:51
30375,Grand Theft Auto V,00:56:52
30375,Grand Theft Auto V,00:56:53
30375,Grand Theft Auto V,00:56:54
30375,Grand Theft Auto V,00:56:55
30375,Grand Theft Auto V,00:56:56
30375,Grand Theft Auto V,00:56:57
30375,Grand Theft Auto V,00:56:58
30375,Grand Theft Auto V,00:56:59
30375,Grand Theft Auto V,00:56:59
30375,Grand Theft Auto V,00:57:00
30375,Grand Theft Auto V,00:57:01
30375,Grand Theft Auto V,00:57:02
30375,Grand Theft Auto V,00:57:03
30375,Grand Theft Auto V,00:57:04
30375,Grand Theft Auto V,00:57:05
30375,Grand Theft Auto V,00:57:06
30375,Grand Theft Auto V,00:57:06
30375,Grand Theft Auto V,00:57:07
30375,Grand Theft Auto V,00:57:08
30375,Grand Theft Auto V,00:57:09
30375,Grand Theft Auto V,00:57:10
30375,Grand Theft Auto V,00:57:11
30375,Grand Theft Auto V,00:57:12
30375,Grand Theft Auto V,00:57:13
30562,Grand Theft Auto V,00:57:14
30562,Grand Theft Auto V,00:57:14
30562,Grand Theft Auto V,00:57:15
30562,Grand Theft Auto V,00:57:16
30562,Grand Theft Auto V,00:57:17
30562,Grand Theft Auto V,00:57:18
30562,Grand Theft Auto V,00:57:19
30562,Grand Theft Auto V,00:57:20
30562,Grand Theft Auto V,00:57:21
30562,Grand Theft Auto V,00:57:22
30562,Grand Theft Auto V,00:57:23
30562,Grand Theft Auto V,00:57:23
30562,Grand Theft Auto V,00:57:24
30562,Grand Theft Auto V,00:57:25
30562,Grand Theft Auto V,00:57:26
30562,Grand Theft Auto V,00:57:27
30562,Grand Theft Auto V,00:57:28
30562,Grand Theft Auto V,00:57:29
30562,Grand Theft Auto V,00:57:30
30562,Grand Theft Auto V,00:57:31
30562,Grand Theft Auto V,00:57:32
30562,Grand Theft Auto V,00:57:32
30562,Grand Theft Auto V,00:57:33
30562,Grand Theft Auto V,00:57:34
30562,Grand Theft Auto V,00:57:36
30562,Grand Theft Auto V,00:57:36
30562,Grand Theft Auto V,00:57:37
30562,Grand Theft Auto V,00:57:38
30562,Grand Theft Auto V,00:57:39
30562,Grand Theft Auto V,00:57:40
30562,Grand Theft Auto V,00:57:41
30562,Grand Theft Auto V,00:57:42
30562,Grand Theft Auto V,00:57:43
30562,Grand Theft Auto V,00:57:44
30562,Grand Theft Auto V,00:57:44
30562,Grand Theft Auto V,00:57:45
30792,Grand Theft Auto V,00:57:46
30792,Grand Theft Auto V,00:57:47
30792,Grand Theft Auto V,00:57:48
30792,Grand Theft Auto V,00:57:49
30792,Grand Theft Auto V,00:57:50
30792,Grand Theft Auto V,00:57:50
30792,Grand Theft Auto V,00:57:51
30792,Grand Theft Auto V,00:57:52
30792,Grand Theft Auto V,00:57:53
30792,Grand Theft Auto V,00:57:54
30792,Grand Theft Auto V,00:57:55
30792,Grand Theft Auto V,00:57:56
30792,Grand Theft Auto V,00:57:57
30792,Grand Theft Auto V,00:57:58
30792,Grand Theft Auto V,00:57:58
30792,Grand Theft Auto V,00:57:59
30792,Grand Theft Auto V,00:58:00
30792,Grand Theft Auto V,00:58:01
30792,Grand Theft Auto V,00:58:02
30792,Grand Theft Auto V,00:58:03
30792,Grand Theft Auto V,00:58:04
30792,Grand Theft Auto V,00:58:04
30792,Grand Theft Auto V,00:58:05
30792,Grand Theft Auto V,00:58:06
30792,Grand Theft Auto V,00:58:07
30792,Grand Theft Auto V,00:58:08
30792,Grand Theft Auto V,00:58:09
30792,Grand Theft Auto V,00:58:10
30792,Grand Theft Auto V,00:58:11
30792,Grand Theft Auto V,00:58:12
30792,Grand Theft Auto V,00:58:13
30792,Grand Theft Auto V,00:58:14
30792,Grand Theft Auto V,00:58:15
30792,Grand Theft Auto V,00:58:15
30792,Grand Theft Auto V,00:58:16
30792,Grand Theft Auto V,00:58:17
30792,Grand Theft Auto V,00:58:18
30792,Grand Theft Auto V,00:58:19
30792,Grand Theft Auto V,00:58:20
30792,Grand Theft Auto V,00:58:21
30792,Grand Theft Auto V,00:58:22
30792,Grand Theft Auto V,00:58:22
30792,Grand Theft Auto V,00:58:23
30792,Grand Theft Auto V,00:58:24
30792,Grand Theft Auto V,00:58:25
30792,Grand Theft Auto V,00:58:26
30792,Grand Theft Auto V,00:58:27
30792,Grand Theft Auto V,00:58:28
30792,Grand Theft Auto V,00:58:29
30792,Grand Theft Auto V,00:58:29
30792,Grand Theft Auto V,00:58:30
30792,Grand Theft Auto V,00:58:31
30792,Grand Theft Auto V,00:58:32
30792,Grand Theft Auto V,00:58:33
30792,Grand Theft Auto V,00:58:34
30792,Grand Theft Auto V,00:58:35
30792,Grand Theft Auto V,00:58:36
30792,Grand Theft Auto V,00:58:36
30792,Grand Theft Auto V,00:58:37
30792,Grand Theft Auto V,00:58:38
30792,Grand Theft Auto V,00:58:39
30792,Grand Theft Auto V,00:58:40
30792,Grand Theft Auto V,00:58:41
30792,Grand Theft Auto V,00:58:42
30792,Grand Theft Auto V,00:58:43
30792,Grand Theft Auto V,00:58:44
31950,Grand Theft Auto V,00:58:45
31950,Grand Theft Auto V,00:58:46
31950,Grand Theft Auto V,00:58:46
31950,Grand Theft Auto V,00:58:47
31950,Grand Theft Auto V,00:58:48
31950,Grand Theft Auto V,00:58:49
31950,Grand Theft Auto V,00:58:50
31950,Grand Theft Auto V,00:58:51
31950,Grand Theft Auto V,00:58:52
31950,Grand Theft Auto V,00:58:53
31950,Grand Theft Auto V,00:58:53
31950,Grand Theft Auto V,00:58:54
31950,Grand Theft Auto V,00:58:55
31950,Grand Theft Auto V,00:58:56
31950,Grand Theft Auto V,00:58:57
31950,Grand Theft Auto V,00:58:58
31950,Grand Theft Auto V,00:58:59
31950,Grand Theft Auto V,00:59:00
31950,Grand Theft Auto V,00:59:00
31950,Grand Theft Auto V,00:59:01
31950,Grand Theft Auto V,00:59:02
31950,Grand Theft Auto V,00:59:03
31950,Grand Theft Auto V,00:59:04
31950,Grand Theft Auto V,00:59:05
31950,Grand Theft Auto V,00:59:06
31950,Grand Theft Auto V,00:59:07
31950,Grand Theft Auto V,00:59:07
31950,Grand Theft Auto V,00:59:08
31950,Grand Theft Auto V,00:59:09
31950,Grand Theft Auto V,00:59:10
31950,Grand Theft Auto V,00:59:11
31950,Grand Theft Auto V,00:59:12
31950,Grand Theft Auto V,00:59:13
31950,Grand Theft Auto V,00:59:14
31950,Grand Theft Auto V,00:59:14
31950,Grand Theft Auto V,00:59:15
32079,Grand Theft Auto V,00:59:16
32079,Grand Theft Auto V,00:59:17
32079,Grand Theft Auto V,00:59:18
32079,Grand Theft Auto V,00:59:19
32079,Grand Theft Auto V,00:59:20
32079,Grand Theft Auto V,00:59:21
32079,Grand Theft Auto V,00:59:22
32079,Grand Theft Auto V,00:59:22
32079,Grand Theft Auto V,00:59:23
32079,Grand Theft Auto V,00:59:24
32079,Grand Theft Auto V,00:59:25
32079,Grand Theft Auto V,00:59:26
32079,Grand Theft Auto V,00:59:27
32079,Grand Theft Auto V,00:59:28
32079,Grand Theft Auto V,00:59:29
32079,Grand Theft Auto V,00:59:29
32079,Grand Theft Auto V,00:59:30
32079,Grand Theft Auto V,00:59:31
32079,Grand Theft Auto V,00:59:32
32079,Grand Theft Auto V,00:59:33
32079,Grand Theft Auto V,00:59:34
32079,Grand Theft Auto V,00:59:35
32079,Grand Theft Auto V,00:59:36
32079,Grand Theft Auto V,00:59:36
32079,Grand Theft Auto V,00:59:37
32079,Grand Theft Auto V,00:59:38
32079,Grand Theft Auto V,00:59:39
32079,Grand Theft Auto V,00:59:40
32079,Grand Theft Auto V,00:59:41
32079,Grand Theft Auto V,00:59:42
32079,Grand Theft Auto V,00:59:43
32079,Grand Theft Auto V,00:59:43
32079,Grand Theft Auto V,00:59:44
32079,Grand Theft Auto V,00:59:45
32079,Grand Theft Auto V,00:59:46
32079,Grand Theft Auto V,00:59:47
32079,Grand Theft Auto V,00:59:48
32079,Grand Theft Auto V,00:59:49
32079,Grand Theft Auto V,00:59:50
32079,Grand Theft Auto V,00:59:50
32079,Grand Theft Auto V,00:59:51
32079,Grand Theft Auto V,00:59:52
32079,Grand Theft Auto V,00:59:53
32079,Grand Theft Auto V,00:59:54
32079,Grand Theft Auto V,00:59:55
32079,Grand Theft Auto V,00:59:56
32079,Grand Theft Auto V,00:59:57
32079,Grand Theft Auto V,00:59:58
25210,Grand Theft Auto V,00:59:59
25210,Grand Theft Auto V,00:59:59
25210,Grand Theft Auto V,01:00:00
25210,Grand Theft Auto V,01:00:01
25210,Grand Theft Auto V,01:00:02
25210,Grand Theft Auto V,01:00:03
25210,Grand Theft Auto V,01:00:04
25210,Grand Theft Auto V,01:00:05
25210,Grand Theft Auto V,01:00:06
25210,Grand Theft Auto V,01:00:06
25210,Grand Theft Auto V,01:00:07
25210,Grand Theft Auto V,01:00:08
25210,Grand Theft Auto V,01:00:09
25210,Grand Theft Auto V,01:00:10
25210,Grand Theft Auto V,01:00:11
25210,Grand Theft Auto V,01:00:12
25210,Grand Theft Auto V,01:00:13
25210,Grand Theft Auto V,01:00:13
25210,Grand Theft Auto V,01:00:14
25210,Grand Theft Auto V,01:00:15
25210,Grand Theft Auto V,01:00:16
25210,Grand Theft Auto V,01:00:17
25210,Grand Theft Auto V,01:00:18
25210,Grand Theft Auto V,01:00:19
25210,Grand Theft Auto V,01:00:20
25210,Grand Theft Auto V,01:00:21
25210,Grand Theft Auto V,01:00:21
25210,Grand Theft Auto V,01:00:22
25210,Grand Theft Auto V,01:00:23
25210,Grand Theft Auto V,01:00:24
25210,Grand Theft Auto V,01:00:25
25210,Grand Theft Auto V,01:00:26
25210,Grand Theft Auto V,01:00:27
25210,Grand Theft Auto V,01:00:28
25210,Grand Theft Auto V,01:00:28
25210,Grand Theft Auto V,01:00:29
25210,Grand Theft Auto V,01:00:30
25210,Grand Theft Auto V,01:00:31
25210,Grand Theft Auto V,01:00:32
25210,Grand Theft Auto V,01:00:33
25210,Grand Theft Auto V,01:00:34
25210,Grand Theft Auto V,01:00:35
25210,Grand Theft Auto V,01:00:36
25210,Grand Theft Auto V,01:00:36
25210,Grand Theft Auto V,01:00:37
25210,Grand Theft Auto V,01:00:38
25210,Grand Theft Auto V,01:00:39
25210,Grand Theft Auto V,01:00:40
32079,Grand Theft Auto V,01:00:42
32079,Grand Theft Auto V,01:00:42
32079,Grand Theft Auto V,01:00:43
32079,Grand Theft Auto V,01:00:44
32079,Grand Theft Auto V,01:00:45
32079,Grand Theft Auto V,01:00:46
32079,Grand Theft Auto V,01:00:47
32079,Grand Theft Auto V,01:00:48
32079,Grand Theft Auto V,01:00:49
32079,Grand Theft Auto V,01:00:50
32079,Grand Theft Auto V,01:00:50
32079,Grand Theft Auto V,01:00:51
32079,Grand Theft Auto V,01:00:52
32079,Grand Theft Auto V,01:00:53
32079,Grand Theft Auto V,01:00:54
32079,Grand Theft Auto V,01:00:55
32079,Grand Theft Auto V,01:00:56
32079,Grand Theft Auto V,01:00:57
25210,Grand Theft Auto V,01:00:58
25210,Grand Theft Auto V,01:00:58
25210,Grand Theft Auto V,01:00:59
25210,Grand Theft Auto V,01:01:00
25210,Grand Theft Auto V,01:01:01
25210,Grand Theft Auto V,01:01:02
25210,Grand Theft Auto V,01:01:03
25210,Grand Theft Auto V,01:01:04
25210,Grand Theft Auto V,01:01:05
25210,Grand Theft Auto V,01:01:05
25210,Grand Theft Auto V,01:01:06
25210,Grand Theft Auto V,01:01:07
25210,Grand Theft Auto V,01:01:08
25210,Grand Theft Auto V,01:01:09
25210,Grand Theft Auto V,01:01:10
25210,Grand Theft Auto V,01:01:11
25210,Grand Theft Auto V,01:01:12
25210,Grand Theft Auto V,01:01:12
20870,Grand Theft Auto V,01:01:13
20870,Grand Theft Auto V,01:01:14
20870,Grand Theft Auto V,01:01:15
20870,Grand Theft Auto V,01:01:16
20870,Grand Theft Auto V,01:01:17
20870,Grand Theft Auto V,01:01:18
20870,Grand Theft Auto V,01:01:19
20870,Grand Theft Auto V,01:01:20
20870,Grand Theft Auto V,01:01:20
20870,Grand Theft Auto V,01:01:21
20870,Grand Theft Auto V,01:01:22
20870,Grand Theft Auto V,01:01:23
20870,Grand Theft Auto V,01:01:24
20870,Grand Theft Auto V,01:01:25
20870,Grand Theft Auto V,01:01:26
20870,Grand Theft Auto V,01:01:27
20870,Grand Theft Auto V,01:01:28
20870,Grand Theft Auto V,01:01:28
19361,Grand Theft Auto V,01:01:30
19361,Grand Theft Auto V,01:01:31
19361,Grand Theft Auto V,01:01:32
19361,Grand Theft Auto V,01:01:32
19361,Grand Theft Auto V,01:01:33
19361,Grand Theft Auto V,01:01:34
19361,Grand Theft Auto V,01:01:35
19361,Grand Theft Auto V,01:01:36
19361,Grand Theft Auto V,01:01:37
19361,Grand Theft Auto V,01:01:38
19361,Grand Theft Auto V,01:01:39
19361,Grand Theft Auto V,01:01:39
19361,Grand Theft Auto V,01:01:40
19361,Grand Theft Auto V,01:01:41
19361,Grand Theft Auto V,01:01:42
19361,Grand Theft Auto V,01:01:43
19361,Grand Theft Auto V,01:01:44
19361,Grand Theft Auto V,01:01:45
19361,Grand Theft Auto V,01:01:46
19361,Grand Theft Auto V,01:01:46
19361,Grand Theft Auto V,01:01:47
19361,Grand Theft Auto V,01:01:48
19361,Grand Theft Auto V,01:01:49
19361,Grand Theft Auto V,01:01:50
19361,Grand Theft Auto V,01:01:51
19361,Grand Theft Auto V,01:01:52
19361,Grand Theft Auto V,01:01:53
19361,Grand Theft Auto V,01:01:53
19361,Grand Theft Auto V,01:01:54
19361,Grand Theft Auto V,01:01:55
19361,Grand Theft Auto V,01:01:56
19361,Grand Theft Auto V,01:01:57
19361,Grand Theft Auto V,01:01:58
19361,Grand Theft Auto V,01:01:59
19361,Grand Theft Auto V,01:02:00
19361,Grand Theft Auto V,01:02:00
19361,Grand Theft Auto V,01:02:01
19361,Grand Theft Auto V,01:02:02
19361,Grand Theft Auto V,01:02:03
19361,Grand Theft Auto V,01:02:04
19361,Grand Theft Auto V,01:02:05
19361,Grand Theft Auto V,01:02:06
19361,Grand Theft Auto V,01:02:07
19361,Grand Theft Auto V,01:02:08
19361,Grand Theft Auto V,01:02:09
19361,Grand Theft Auto V,01:02:09
19361,Grand Theft Auto V,01:02:10
19361,Grand Theft Auto V,01:02:11
14525,Grand Theft Auto V,01:02:12
14525,Grand Theft Auto V,01:02:13
14525,Grand Theft Auto V,01:02:14
14525,Grand Theft Auto V,01:02:15
14525,Grand Theft Auto V,01:02:16
14525,Grand Theft Auto V,01:02:16
14525,Grand Theft Auto V,01:02:17
14525,Grand Theft Auto V,01:02:18
14525,Grand Theft Auto V,01:02:19
14525,Grand Theft Auto V,01:02:20
14525,Grand Theft Auto V,01:02:21
14525,Grand Theft Auto V,01:02:22
14525,Grand Theft Auto V,01:02:23
14525,Grand Theft Auto V,01:02:23
14525,Grand Theft Auto V,01:02:24
14525,Grand Theft Auto V,01:02:25
14525,Grand Theft Auto V,01:02:26
14525,Grand Theft Auto V,01:02:27
14525,Grand Theft Auto V,01:02:28
14525,Grand Theft Auto V,01:02:29
14525,Grand Theft Auto V,01:02:30
14525,Grand Theft Auto V,01:02:30
14525,Grand Theft Auto V,01:02:31
14525,Grand Theft Auto V,01:02:32
14525,Grand Theft Auto V,01:02:33
14525,Grand Theft Auto V,01:02:34
14525,Grand Theft Auto V,01:02:35
14525,Grand Theft Auto V,01:02:36
14525,Grand Theft Auto V,01:02:37
14525,Grand Theft Auto V,01:02:38
14525,Grand Theft Auto V,01:02:39
14525,Grand Theft Auto V,01:02:39
14525,Grand Theft Auto V,01:02:40
14525,Grand Theft Auto V,01:02:41
14525,Grand Theft Auto V,01:02:42
14525,Grand Theft Auto V,01:02:43
14525,Grand Theft Auto V,01:02:44
14525,Grand Theft Auto V,01:02:45
14525,Grand Theft Auto V,01:02:46
14525,Grand Theft Auto V,01:02:46
14525,Grand Theft Auto V,01:02:47
14525,Grand Theft Auto V,01:02:48
14525,Grand Theft Auto V,01:02:49
14525,Grand Theft Auto V,01:02:50
14525,Grand Theft Auto V,01:02:51
14525,Grand Theft Auto V,01:02:52
14525,Grand Theft Auto V,01:02:53
14525,Grand Theft Auto V,01:02:53
14525,Grand Theft Auto V,01:02:54
14525,Grand Theft Auto V,01:02:55
14525,Grand Theft Auto V,01:02:56
14525,Grand Theft Auto V,01:02:57
14525,Grand Theft Auto V,01:02:58
14525,Grand Theft Auto V,01:02:59
13240,Grand Theft Auto V,01:03:00
13240,Grand Theft Auto V,01:03:01
13240,Grand Theft Auto V,01:03:01
13240,Grand Theft Auto V,01:03:02
13240,Grand Theft Auto V,01:03:03
13240,Grand Theft Auto V,01:03:04
13240,Grand Theft Auto V,01:03:05
13240,Grand Theft Auto V,01:03:06
13240,Grand Theft Auto V,01:03:07
13240,Grand Theft Auto V,01:03:07
13240,Grand Theft Auto V,01:03:08
13240,Grand Theft Auto V,01:03:09
13240,Grand Theft Auto V,01:03:10
13240,Grand Theft Auto V,01:03:11
13240,Grand Theft Auto V,01:03:12
13240,Grand Theft Auto V,01:03:13
13240,Grand Theft Auto V,01:03:14
13240,Grand Theft Auto V,01:03:14
13240,Grand Theft Auto V,01:03:15
13240,Grand Theft Auto V,01:03:16
13240,Grand Theft Auto V,01:03:17
13240,Grand Theft Auto V,01:03:18
13240,Grand Theft Auto V,01:03:19
13240,Grand Theft Auto V,01:03:20
13240,Grand Theft Auto V,01:03:21
13240,Grand Theft Auto V,01:03:22
13240,Grand Theft Auto V,01:03:22
13240,Grand Theft Auto V,01:03:23
13240,Grand Theft Auto V,01:03:24
13240,Grand Theft Auto V,01:03:25
13240,Grand Theft Auto V,01:03:26
13240,Grand Theft Auto V,01:03:27
13240,Grand Theft Auto V,01:03:28
13240,Grand Theft Auto V,01:03:29
13240,Grand Theft Auto V,01:03:30
13240,Grand Theft Auto V,01:03:30
13240,Grand Theft Auto V,01:03:31
13240,Grand Theft Auto V,01:03:32
13240,Grand Theft Auto V,01:03:33
13240,Grand Theft Auto V,01:03:34
13240,Grand Theft Auto V,01:03:35
13240,Grand Theft Auto V,01:03:36
13240,Grand Theft Auto V,01:03:37
13240,Grand Theft Auto V,01:03:37
13240,Grand Theft Auto V,01:03:38
13240,Grand Theft Auto V,01:03:39
13240,Grand Theft Auto V,01:03:40
13240,Grand Theft Auto V,01:03:41
13240,Grand Theft Auto V,01:03:42
13240,Grand Theft Auto V,01:03:43
13240,Grand Theft Auto V,01:03:44
13240,Grand Theft Auto V,01:03:44
13240,Grand Theft Auto V,01:03:45
13240,Grand Theft Auto V,01:03:46
13240,Grand Theft Auto V,01:03:47
13240,Grand Theft Auto V,01:03:48
13240,Grand Theft Auto V,01:03:49
13240,Grand Theft Auto V,01:03:50
13240,Grand Theft Auto V,01:03:51
13240,Grand Theft Auto V,01:03:52
13240,Grand Theft Auto V,01:03:53
13240,Grand Theft Auto V,01:03:54
13240,Grand Theft Auto V,01:03:54
13240,Grand Theft Auto V,01:03:55
13240,Grand Theft Auto V,01:03:56
13240,Grand Theft Auto V,01:03:57
11720,Grand Theft Auto V,01:03:58
11720,Grand Theft Auto V,01:03:59
11720,Grand Theft Auto V,01:04:00
11720,Grand Theft Auto V,01:04:01
11720,Grand Theft Auto V,01:04:01
11720,Grand Theft Auto V,01:04:02
11720,Grand Theft Auto V,01:04:03
11720,Grand Theft Auto V,01:04:04
11720,Grand Theft Auto V,01:04:05
11720,Grand Theft Auto V,01:04:06
11720,Grand Theft Auto V,01:04:07
11720,Grand Theft Auto V,01:04:08
11720,Grand Theft Auto V,01:04:08
11720,Grand Theft Auto V,01:04:09
11720,Grand Theft Auto V,01:04:10
11720,Grand Theft Auto V,01:04:11
11720,Grand Theft Auto V,01:04:12
11720,Grand Theft Auto V,01:04:13
11720,Grand Theft Auto V,01:04:14
11720,Grand Theft Auto V,01:04:15
11720,Grand Theft Auto V,01:04:15
11720,Grand Theft Auto V,01:04:16
11720,Grand Theft Auto V,01:04:17
11720,Grand Theft Auto V,01:04:18
11720,Grand Theft Auto V,01:04:19
11720,Grand Theft Auto V,01:04:20
11720,Grand Theft Auto V,01:04:21
11720,Grand Theft Auto V,01:04:22
11720,Grand Theft Auto V,01:04:23
11720,Grand Theft Auto V,01:04:23
11720,Grand Theft Auto V,01:04:24
11720,Grand Theft Auto V,01:04:25
11720,Grand Theft Auto V,01:04:26
11720,Grand Theft Auto V,01:04:27
11720,Grand Theft Auto V,01:04:28
11720,Grand Theft Auto V,01:04:29
13512,Grand Theft Auto V,01:04:30
13512,Grand Theft Auto V,01:04:31
13512,Grand Theft Auto V,01:04:32
13512,Grand Theft Auto V,01:04:33
13512,Grand Theft Auto V,01:04:34
13512,Grand Theft Auto V,01:04:35
13512,Grand Theft Auto V,01:04:36
13512,Grand Theft Auto V,01:04:37
13512,Grand Theft Auto V,01:04:38
13512,Grand Theft Auto V,01:04:38
13512,Grand Theft Auto V,01:04:39
13512,Grand Theft Auto V,01:04:40
13512,Grand Theft Auto V,01:04:41
13512,Grand Theft Auto V,01:04:42
13512,Grand Theft Auto V,01:04:43
13512,Grand Theft Auto V,01:04:44
13512,Grand Theft Auto V,01:04:45
13512,Grand Theft Auto V,01:04:46
13512,Grand Theft Auto V,01:04:47
13512,Grand Theft Auto V,01:04:47
13512,Grand Theft Auto V,01:04:48
13512,Grand Theft Auto V,01:04:49
13512,Grand Theft Auto V,01:04:50
13512,Grand Theft Auto V,01:04:51
13512,Grand Theft Auto V,01:04:52
13512,Grand Theft Auto V,01:04:53
13512,Grand Theft Auto V,01:04:54
13512,Grand Theft Auto V,01:04:55
13512,Grand Theft Auto V,01:04:56
13512,Grand Theft Auto V,01:04:56
13512,Grand Theft Auto V,01:04:57
13512,Grand Theft Auto V,01:04:58
13512,Grand Theft Auto V,01:04:59
13512,Grand Theft Auto V,01:05:00
13512,Grand Theft Auto V,01:05:01
13512,Grand Theft Auto V,01:05:02
13512,Grand Theft Auto V,01:05:03
13512,Grand Theft Auto V,01:05:04
13512,Grand Theft Auto V,01:05:04
13512,Grand Theft Auto V,01:05:05
13512,Grand Theft Auto V,01:05:06
13512,Grand Theft Auto V,01:05:07
13512,Grand Theft Auto V,01:05:08
13512,Grand Theft Auto V,01:05:09
13512,Grand Theft Auto V,01:05:10
13512,Grand Theft Auto V,01:05:11
13512,Grand Theft Auto V,01:05:11
13512,Grand Theft Auto V,01:05:12
-1,Stream Offline!,01:05:13
