129,League of Legends,00:50:13
129,League of Legends,00:50:14
129,League of Legends,00:50:15
129,League of Legends,00:50:16
129,League of Legends,00:50:17
129,League of Legends,00:50:18
129,League of Legends,00:50:19
129,League of Legends,00:50:20
129,League of Legends,00:50:20
129,League of Legends,00:50:21
129,League of Legends,00:50:22
129,League of Legends,00:50:23
129,League of Legends,00:50:24
522,League of Legends,00:50:25
522,League of Legends,00:50:26
522,League of Legends,00:50:27
522,League of Legends,00:50:27
522,League of Legends,00:50:28
522,League of Legends,00:50:29
522,League of Legends,00:50:30
522,League of Legends,00:50:31
522,League of Legends,00:50:32
522,League of Legends,00:50:33
522,League of Legends,00:50:34
522,League of Legends,00:50:34
522,League of Legends,00:50:36
522,League of Legends,00:50:37
522,League of Legends,00:50:37
522,League of Legends,00:50:38
522,League of Legends,00:50:39
522,League of Legends,00:50:40
522,League of Legends,00:50:41
522,League of Legends,00:50:42
522,League of Legends,00:50:43
522,League of Legends,00:50:44
522,League of Legends,00:50:44
522,League of Legends,00:50:45
522,League of Legends,00:50:47
522,League of Legends,00:50:48
522,League of Legends,00:50:48
522,League of Legends,00:50:49
522,League of Legends,00:50:50
522,League of Legends,00:50:51
522,League of Legends,00:50:52
522,League of Legends,00:50:53
522,League of Legends,00:50:54
522,League of Legends,00:50:55
522,League of Legends,00:50:55
522,League of Legends,00:50:56
522,League of Legends,00:50:57
522,League of Legends,00:50:58
522,League of Legends,00:50:59
522,League of Legends,00:51:00
522,League of Legends,00:51:01
522,League of Legends,00:51:01
522,League of Legends,00:51:02
522,League of Legends,00:51:03
522,League of Legends,00:51:04
522,League of Legends,00:51:05
522,League of Legends,00:51:06
522,League of Legends,00:51:07
671,League of Legends,00:51:08
671,League of Legends,00:51:09
671,League of Legends,00:51:09
671,League of Legends,00:51:10
671,League of Legends,00:51:11
671,League of Legends,00:51:12
671,League of Legends,00:51:13
671,League of Legends,00:51:14
671,League of Legends,00:51:15
671,League of Legends,00:51:16
671,League of Legends,00:51:16
671,League of Legends,00:51:17
671,League of Legends,00:51:18
671,League of Legends,00:51:19
671,League of Legends,00:51:20
671,League of Legends,00:51:21
671,League of Legends,00:51:22
671,League of Legends,00:51:23
671,League of Legends,00:51:24
671,League of Legends,00:51:25
671,League of Legends,00:51:26
671,League of Legends,00:51:26
671,League of Legends,00:51:27
671,League of Legends,00:51:28
671,League of Legends,00:51:29
671,League of Legends,00:51:30
671,League of Legends,00:51:31
671,League of Legends,00:51:32
671,League of Legends,00:51:32
671,League of Legends,00:51:33
671,League of Legends,00:51:34
671,League of Legends,00:51:35
671,League of Legends,00:51:36
671,League of Legends,00:51:37
671,League of Legends,00:51:38
671,League of Legends,00:51:39
671,League of Legends,00:51:40
671,League of Legends,00:51:40
671,League of Legends,00:51:41
671,League of Legends,00:51:42
671,League of Legends,00:51:43
671,League of Legends,00:51:44
671,League of Legends,00:51:45
671,League of Legends,00:51:46
671,League of Legends,00:51:47
671,League of Legends,00:51:47
671,League of Legends,00:51:48
671,League of Legends,00:51:49
671,League of Legends,00:51:50
671,League of Legends,00:51:51
671,League of Legends,00:51:52
671,League of Legends,00:51:53
671,League of Legends,00:51:54
671,League of Legends,00:51:54
713,League of Legends,00:51:55
713,League of Legends,00:51:56
713,League of Legends,00:51:57
713,League of Legends,00:51:58
713,League of Legends,00:51:59
713,League of Legends,00:52:00
713,League of Legends,00:52:01
713,League of Legends,00:52:01
713,League of Legends,00:52:02
713,League of Legends,00:52:03
713,League of Legends,00:52:04
713,League of Legends,00:52:05
713,League of Legends,00:52:06
713,League of Legends,00:52:07
713,League of Legends,00:52:08
713,League of Legends,00:52:08
713,League of Legends,00:52:09
713,League of Legends,00:52:10
713,League of Legends,00:52:11
713,League of Legends,00:52:12
713,League of Legends,00:52:13
713,League of Legends,00:52:14
713,League of Legends,00:52:15
713,League of Legends,00:52:15
713,League of Legends,00:52:16
713,League of Legends,00:52:17
713,League of Legends,00:52:18
713,League of Legends,00:52:19
713,League of Legends,00:52:20
713,League of Legends,00:52:21
713,League of Legends,00:52:22
713,League of Legends,00:52:22
713,League of Legends,00:52:23
713,League of Legends,00:52:24
713,League of Legends,00:52:25
713,League of Legends,00:52:26
713,League of Legends,00:52:27
713,League of Legends,00:52:28
713,League of Legends,00:52:29
713,League of Legends,00:52:29
713,League of Legends,00:52:30
713,League of Legends,00:52:31
713,League of Legends,00:52:32
713,League of Legends,00:52:33
713,League of Legends,00:52:34
713,League of Legends,00:52:35
713,League of Legends,00:52:36
713,League of Legends,00:52:37
897,League of Legends,00:52:37
897,League of Legends,00:52:38
897,League of Legends,00:52:39
897,League of Legends,00:52:40
897,League of Legends,00:52:41
897,League of Legends,00:52:42
897,League of Legends,00:52:43
897,League of Legends,00:52:44
897,League of Legends,00:52:45
897,League of Legends,00:52:45
897,League of Legends,00:52:46
897,League of Legends,00:52:47
897,League of Legends,00:52:48
897,League of Legends,00:52:49
1084,League of Legends,00:54:30
1084,League of Legends,00:54:31
1084,League of Legends,00:54:32
1084,League of Legends,00:54:33
1084,League of Legends,00:54:34
1084,League of Legends,00:54:34
1084,League of Legends,00:54:35
1084,League of Legends,00:54:36
1084,League of Legends,00:54:37
1084,League of Legends,00:54:38
1084,League of Legends,00:54:39
1084,League of Legends,00:54:40
1084,League of Legends,00:54:41
1084,League of Legends,00:54:41
1084,League of Legends,00:54:42
1084,League of Legends,00:54:43
1084,League of Legends,00:54:44
1084,League of Legends,00:54:45
1084,League of Legends,00:54:46
1084,League of Legends,00:54:47
1084,League of Legends,00:54:48
1084,League of Legends,00:54:48
1084,League of Legends,00:54:49
1084,League of Legends,00:54:50
1084,League of Legends,00:54:51
1084,League of Legends,00:54:52
1084,League of Legends,00:54:53
1084,League of Legends,00:54:54
1122,League of Legends,00:54:55
1122,League of Legends,00:54:55
1122,League of Legends,00:54:56
1122,League of Legends,00:54:57
1122,League of Legends,00:54:58
1122,League of Legends,00:54:59
1122,League of Legends,00:55:00
1122,League of Legends,00:55:01
1122,League of Legends,00:55:02
1122,League of Legends,00:55:02
1122,League of Legends,00:55:03
1122,League of Legends,00:55:04
1122,League of Legends,00:55:05
1122,League of Legends,00:55:06
1122,League of Legends,00:55:07
1122,League of Legends,00:55:08
1122,League of Legends,00:55:08
1122,League of Legends,00:55:09
1122,League of Legends,00:55:10
1122,League of Legends,00:55:11
1122,League of Legends,00:55:12
1122,League of Legends,00:55:13
1122,League of Legends,00:55:14
1122,League of Legends,00:55:15
1122,League of Legends,00:55:16
1122,League of Legends,00:55:16
1122,League of Legends,00:55:17
1122,League of Legends,00:55:18
1122,League of Legends,00:55:19
1122,League of Legends,00:55:20
1122,League of Legends,00:55:21
1122,League of Legends,00:55:22
1122,League of Legends,00:55:23
1122,League of Legends,00:55:23
1122,League of Legends,00:55:24
1122,League of Legends,00:55:25
1122,League of Legends,00:55:26
1122,League of Legends,00:55:27
1122,League of Legends,00:55:28
1122,League of Legends,00:55:29
1122,League of Legends,00:55:30
1122,League of Legends,00:55:30
1122,League of Legends,00:55:31
1122,League of Legends,00:55:32
1122,League of Legends,00:55:33
1122,League of Legends,00:55:34
1122,League of Legends,00:55:35
1122,League of Legends,00:55:36
1122,League of Legends,00:55:37
1122,League of Legends,00:55:38
1122,League of Legends,00:55:38
1122,League of Legends,00:55:39
1122,League of Legends,00:55:40
1122,League of Legends,00:55:41
1216,League of Legends,00:55:42
1216,League of Legends,00:55:43
1216,League of Legends,00:55:44
1216,League of Legends,00:55:45
1216,League of Legends,00:55:45
1216,League of Legends,00:55:46
1216,League of Legends,00:55:47
1216,League of Legends,00:55:48
1216,League of Legends,00:55:49
1216,League of Legends,00:55:50
1216,League of Legends,00:55:51
1216,League of Legends,00:55:52
1216,League of Legends,00:55:53
1216,League of Legends,00:55:53
1216,League of Legends,00:55:54
1216,League of Legends,00:55:55
1216,League of Legends,00:55:56
1216,League of Legends,00:55:57
1216,League of Legends,00:55:58
1216,League of Legends,00:55:59
1216,League of Legends,00:56:00
1216,League of Legends,00:56:00
1216,League of Legends,00:56:01
1216,League of Legends,00:56:02
1216,League of Legends,00:56:03
1216,League of Legends,00:56:04
1216,League of Legends,00:56:05
1216,League of Legends,00:56:06
1216,League of Legends,00:56:07
1216,League of Legends,00:56:07
1216,League of Legends,00:56:08
1216,League of Legends,00:56:09
1216,League of Legends,00:56:10
1216,League of Legends,00:56:11
1216,League of Legends,00:56:12
1216,League of Legends,00:56:13
1216,League of Legends,00:56:14
1216,League of Legends,00:56:15
1216,League of Legends,00:56:15
1216,League of Legends,00:56:16
1216,League of Legends,00:56:17
1216,League of Legends,00:56:18
1216,League of Legends,00:56:19
1216,League of Legends,00:56:20
1216,League of Legends,00:56:21
1216,League of Legends,00:56:21
1216,League of Legends,00:56:22
1216,League of Legends,00:56:23
1223,League of Legends,00:56:24
1223,League of Legends,00:56:25
1223,League of Legends,00:56:26
1223,League of Legends,00:56:27
1223,League of Legends,00:56:28
1223,League of Legends,00:56:29
1223,League of Legends,00:56:29
1223,League of Legends,00:56:30
1223,League of Legends,00:56:31
1223,League of Legends,00:56:32
1223,League of Legends,00:56:33
1223,League of Legends,00:56:34
1223,League of Legends,00:56:35
1223,League of Legends,00:56:36
1223,League of Legends,00:56:36
1223,League of Legends,00:56:37
1223,League of Legends,00:56:38
1223,League of Legends,00:56:39
1223,League of Legends,00:56:40
1223,League of Legends,00:56:41
1223,League of Legends,00:56:42
1223,League of Legends,00:56:43
1223,League of Legends,00:56:43
1223,League of Legends,00:56:44
1223,League of Legends,00:56:45
1223,League of Legends,00:56:46
1223,League of Legends,00:56:47
1223,League of Legends,00:56:48
1223,League of Legends,00:56:49
1223,League of Legends,00:56:50
1223,League of Legends,00:56:51
1223,League of Legends,00:56:51
1223,League of Legends,00:56:52
1223,League of Legends,00:56:53
1223,League of Legends,00:56:54
1223,League of Legends,00:56:55
1223,League of Legends,00:56:56
1223,League of Legends,00:56:57
1223,League of Legends,00:56:58
1223,League of Legends,00:56:59
1223,League of Legends,00:57:00
1223,League of Legends,00:57:00
1223,League of Legends,00:57:01
1223,League of Legends,00:57:02
1223,League of Legends,00:57:03
1223,League of Legends,00:57:04
1223,League of Legends,00:57:05
1223,League of Legends,00:57:06
1223,League of Legends,00:57:07
1223,League of Legends,00:57:07
1223,League of Legends,00:57:08
1223,League of Legends,00:57:09
1223,League of Legends,00:57:10
1223,League of Legends,00:57:11
1293,League of Legends,00:57:12
1293,League of Legends,00:57:13
1293,League of Legends,00:57:14
1293,League of Legends,00:57:14
1293,League of Legends,00:57:15
1293,League of Legends,00:57:16
1293,League of Legends,00:57:17
1293,League of Legends,00:57:18
1293,League of Legends,00:57:19
1293,League of Legends,00:57:20
1293,League of Legends,00:57:21
1293,League of Legends,00:57:22
1293,League of Legends,00:57:22
1293,League of Legends,00:57:23
1293,League of Legends,00:57:24
1293,League of Legends,00:57:25
1293,League of Legends,00:57:26
1293,League of Legends,00:57:27
1293,League of Legends,00:57:28
1293,League of Legends,00:57:29
1293,League of Legends,00:57:29
1293,League of Legends,00:57:30
1293,League of Legends,00:57:31
1293,League of Legends,00:57:32
1293,League of Legends,00:57:33
1293,League of Legends,00:57:34
1293,League of Legends,00:57:35
1293,League of Legends,00:57:36
1293,League of Legends,00:57:36
1293,League of Legends,00:57:37
1293,League of Legends,00:57:38
1293,League of Legends,00:57:39
1293,League of Legends,00:57:40
1293,League of Legends,00:57:41
1293,League of Legends,00:57:42
1293,League of Legends,00:57:43
1293,League of Legends,00:57:43
1293,League of Legends,00:57:44
1293,League of Legends,00:57:45
1293,League of Legends,00:57:46
1293,League of Legends,00:57:47
1293,League of Legends,00:57:48
1293,League of Legends,00:57:49
1293,League of Legends,00:57:50
1293,League of Legends,00:57:51
1293,League of Legends,00:57:51
1293,League of Legends,00:57:52
1293,League of Legends,00:57:53
1293,League of Legends,00:57:54
1319,League of Legends,00:57:55
1319,League of Legends,00:57:56
1319,League of Legends,00:57:57
1319,League of Legends,00:57:58
1319,League of Legends,00:57:58
1319,League of Legends,00:57:59
1319,League of Legends,00:58:00
1319,League of Legends,00:58:01
1319,League of Legends,00:58:02
1319,League of Legends,00:58:03
1319,League of Legends,00:58:04
1319,League of Legends,00:58:05
1319,League of Legends,00:58:06
1319,League of Legends,00:58:06
1319,League of Legends,00:58:07
1319,League of Legends,00:58:08
1319,League of Legends,00:58:09
1319,League of Legends,00:58:10
1319,League of Legends,00:58:11
1319,League of Legends,00:58:12
1319,League of Legends,00:58:13
1319,League of Legends,00:58:13
1319,League of Legends,00:58:14
1319,League of Legends,00:58:15
1319,League of Legends,00:58:16
1319,League of Legends,00:58:17
1319,League of Legends,00:58:18
1319,League of Legends,00:58:19
1319,League of Legends,00:58:20
1319,League of Legends,00:58:20
1319,League of Legends,00:58:21
1319,League of Legends,00:58:22
1319,League of Legends,00:58:23
1319,League of Legends,00:58:24
1319,League of Legends,00:58:25
1319,League of Legends,00:58:26
1319,League of Legends,00:58:27
1319,League of Legends,00:58:28
1319,League of Legends,00:58:28
1319,League of Legends,00:58:29
1319,League of Legends,00:58:30
1319,League of Legends,00:58:31
1319,League of Legends,00:58:32
1319,League of Legends,00:58:33
1319,League of Legends,00:58:34
1319,League of Legends,00:58:35
1319,League of Legends,00:58:35
1319,League of Legends,00:58:36
1319,League of Legends,00:58:37
1319,League of Legends,00:58:38
1319,League of Legends,00:58:39
1319,League of Legends,00:58:40
1319,League of Legends,00:58:41
1319,League of Legends,00:58:42
1403,League of Legends,00:58:42
1403,League of Legends,00:58:43
1403,League of Legends,00:58:44
1403,League of Legends,00:58:45
1403,League of Legends,00:58:46
1403,League of Legends,00:58:47
1403,League of Legends,00:58:48
1403,League of Legends,00:58:49
1403,League of Legends,00:58:50
1403,League of Legends,00:58:50
1403,League of Legends,00:58:51
1403,League of Legends,00:58:52
1319,League of Legends,00:58:53
1319,League of Legends,00:58:54
1319,League of Legends,00:58:55
1319,League of Legends,00:58:56
1319,League of Legends,00:58:57
1319,League of Legends,00:58:57
1319,League of Legends,00:58:59
1319,League of Legends,00:59:00
1319,League of Legends,00:59:00
1319,League of Legends,00:59:01
1319,League of Legends,00:59:02
1319,League of Legends,00:59:03
1319,League of Legends,00:59:04
1319,League of Legends,00:59:05
1319,League of Legends,00:59:06
1319,League of Legends,00:59:07
1319,League of Legends,00:59:07
1319,League of Legends,00:59:08
1403,League of Legends,00:59:09
1403,League of Legends,00:59:10
1403,League of Legends,00:59:11
1403,League of Legends,00:59:12
1403,League of Legends,00:59:13
1403,League of Legends,00:59:14
1403,League of Legends,00:59:15
1403,League of Legends,00:59:16
1403,League of Legends,00:59:16
1403,League of Legends,00:59:17
1403,League of Legends,00:59:18
1403,League of Legends,00:59:19
1403,League of Legends,00:59:20
1403,League of Legends,00:59:21
1403,League of Legends,00:59:22
1403,League of Legends,00:59:23
1403,League of Legends,00:59:23
1403,League of Legends,00:59:24
1420,League of Legends,00:59:25
1420,League of Legends,00:59:26
1420,League of Legends,00:59:27
1420,League of Legends,00:59:28
1420,League of Legends,00:59:29
1420,League of Legends,00:59:30
1420,League of Legends,00:59:30
1420,League of Legends,00:59:31
1420,League of Legends,00:59:32
1420,League of Legends,00:59:33
1420,League of Legends,00:59:34
1420,League of Legends,00:59:35
1420,League of Legends,00:59:36
1420,League of Legends,00:59:37
1420,League of Legends,00:59:37
1420,League of Legends,00:59:38
1420,League of Legends,00:59:39
1420,League of Legends,00:59:40
1420,League of Legends,00:59:41
1420,League of Legends,00:59:42
1420,League of Legends,00:59:43
1420,League of Legends,00:59:43
1420,League of Legends,00:59:44
1420,League of Legends,00:59:45
1420,League of Legends,00:59:46
1420,League of Legends,00:59:47
1420,League of Legends,00:59:48
1420,League of Legends,00:59:49
1420,League of Legends,00:59:50
1420,League of Legends,00:59:51
1420,League of Legends,00:59:52
1420,League of Legends,00:59:52
1420,League of Legends,00:59:53
1420,League of Legends,00:59:54
1420,League of Legends,00:59:55
1420,League of Legends,00:59:56
1483,League of Legends,00:59:57
1483,League of Legends,00:59:58
1483,League of Legends,00:59:59
1483,League of Legends,00:59:59
1483,League of Legends,01:00:00
1483,League of Legends,01:00:01
1483,League of Legends,01:00:02
1483,League of Legends,01:00:03
1483,League of Legends,01:00:04
1483,League of Legends,01:00:05
1483,League of Legends,01:00:06
1483,League of Legends,01:00:07
1483,League of Legends,01:00:07
1483,League of Legends,01:00:08
1483,League of Legends,01:00:09
1483,League of Legends,01:00:10
1483,League of Legends,01:00:11
1483,League of Legends,01:00:12
1483,League of Legends,01:00:13
1483,League of Legends,01:00:14
1483,League of Legends,01:00:14
1483,League of Legends,01:00:15
1483,League of Legends,01:00:16
1483,League of Legends,01:00:17
1483,League of Legends,01:00:18
1483,League of Legends,01:00:19
1483,League of Legends,01:00:20
1483,League of Legends,01:00:20
1483,League of Legends,01:00:21
1483,League of Legends,01:00:22
1483,League of Legends,01:00:23
1483,League of Legends,01:00:24
1483,League of Legends,01:00:25
1483,League of Legends,01:00:26
1483,League of Legends,01:00:27
1483,League of Legends,01:00:27
1483,League of Legends,01:00:28
1483,League of Legends,01:00:29
1483,League of Legends,01:00:30
1483,League of Legends,01:00:31
1483,League of Legends,01:00:32
1483,League of Legends,01:00:33
1483,League of Legends,01:00:34
1483,League of Legends,01:00:34
1483,League of Legends,01:00:35
1483,League of Legends,01:00:36
1483,League of Legends,01:00:37
1483,League of Legends,01:00:38
1483,League of Legends,01:00:39
1483,League of Legends,01:00:40
1483,League of Legends,01:00:41
1483,League of Legends,01:00:41
1483,League of Legends,01:00:42
1483,League of Legends,01:00:43
1483,League of Legends,01:00:44
1483,League of Legends,01:00:45
1483,League of Legends,01:00:46
1483,League of Legends,01:00:47
1483,League of Legends,01:00:48
1483,League of Legends,01:00:48
1483,League of Legends,01:00:49
1483,League of Legends,01:00:50
1483,League of Legends,01:00:51
1483,League of Legends,01:00:52
1483,League of Legends,01:00:53
1483,League of Legends,01:00:54
1522,League of Legends,01:00:55
1522,League of Legends,01:00:55
1522,League of Legends,01:00:56
1522,League of Legends,01:00:57
1522,League of Legends,01:00:58
1522,League of Legends,01:00:59
1522,League of Legends,01:01:00
1522,League of Legends,01:01:01
1522,League of Legends,01:01:02
1522,League of Legends,01:01:02
1522,League of Legends,01:01:03
1522,League of Legends,01:01:04
1522,League of Legends,01:01:05
1522,League of Legends,01:01:06
1522,League of Legends,01:01:07
1522,League of Legends,01:01:08
1522,League of Legends,01:01:09
1522,League of Legends,01:01:09
1522,League of Legends,01:01:11
1522,League of Legends,01:01:12
1522,League of Legends,01:01:13
1522,League of Legends,01:01:13
1522,League of Legends,01:01:14
1522,League of Legends,01:01:15
1522,League of Legends,01:01:16
1522,League of Legends,01:01:17
1522,League of Legends,01:01:18
1522,League of Legends,01:01:19
1522,League of Legends,01:01:20
1522,League of Legends,01:01:20
1522,League of Legends,01:01:21
1522,League of Legends,01:01:22
1522,League of Legends,01:01:23
1522,League of Legends,01:01:24
1522,League of Legends,01:01:25
1522,League of Legends,01:01:26
1577,League of Legends,01:01:27
1577,League of Legends,01:01:27
1577,League of Legends,01:01:28
1577,League of Legends,01:01:29
1577,League of Legends,01:01:30
1577,League of Legends,01:01:31
1577,League of Legends,01:01:32
1577,League of Legends,01:01:33
1577,League of Legends,01:01:34
1577,League of Legends,01:01:35
1577,League of Legends,01:01:35
1577,League of Legends,01:01:36
1577,League of Legends,01:01:37
1577,League of Legends,01:01:38
1577,League of Legends,01:01:39
1577,League of Legends,01:01:40
1577,League of Legends,01:01:41
1577,League of Legends,01:01:42
1577,League of Legends,01:01:42
1577,League of Legends,01:01:43
1577,League of Legends,01:01:44
1577,League of Legends,01:01:45
1577,League of Legends,01:01:46
1577,League of Legends,01:01:47
1577,League of Legends,01:01:48
1577,League of Legends,01:01:49
1577,League of Legends,01:01:50
1577,League of Legends,01:01:51
1577,League of Legends,01:01:51
1577,League of Legends,01:01:52
1577,League of Legends,01:01:53
1577,League of Legends,01:01:54
1577,League of Legends,01:01:55
1577,League of Legends,01:01:56
1577,League of Legends,01:01:57
1577,League of Legends,01:01:58
1577,League of Legends,01:01:59
1577,League of Legends,01:01:59
1577,League of Legends,01:02:00
1577,League of Legends,01:02:01
1577,League of Legends,01:02:02
1577,League of Legends,01:02:03
1577,League of Legends,01:02:04
1577,League of Legends,01:02:05
1577,League of Legends,01:02:06
1577,League of Legends,01:02:06
1577,League of Legends,01:02:07
1577,League of Legends,01:02:08
1629,League of Legends,01:02:09
1629,League of Legends,01:02:10
1629,League of Legends,01:02:11
1629,League of Legends,01:02:12
1629,League of Legends,01:02:13
1629,League of Legends,01:02:13
1629,League of Legends,01:02:14
1629,League of Legends,01:02:15
1629,League of Legends,01:02:16
1629,League of Legends,01:02:17
1629,League of Legends,01:02:18
1629,League of Legends,01:02:19
1629,League of Legends,01:02:20
1629,League of Legends,01:02:21
1629,League of Legends,01:02:21
1629,League of Legends,01:02:22
1629,League of Legends,01:02:23
1629,League of Legends,01:02:24
1629,League of Legends,01:02:25
1629,League of Legends,01:02:26
1629,League of Legends,01:02:27
1629,League of Legends,01:02:27
1629,League of Legends,01:02:28
1629,League of Legends,01:02:29
1629,League of Legends,01:02:30
1629,League of Legends,01:02:31
1629,League of Legends,01:02:32
1629,League of Legends,01:02:33
1629,League of Legends,01:02:34
1629,League of Legends,01:02:34
1629,League of Legends,01:02:35
1629,League of Legends,01:02:36
1629,League of Legends,01:02:37
1629,League of Legends,01:02:38
1629,League of Legends,01:02:39
1629,League of Legends,01:02:40
1629,League of Legends,01:02:41
1629,League of Legends,01:02:42
1629,League of Legends,01:02:42
1629,League of Legends,01:02:43
1629,League of Legends,01:02:44
1629,League of Legends,01:02:45
1629,League of Legends,01:02:46
1629,League of Legends,01:02:47
1629,League of Legends,01:02:48
1629,League of Legends,01:02:49
1629,League of Legends,01:02:49
1629,League of Legends,01:02:50
1629,League of Legends,01:02:51
1629,League of Legends,01:02:52
1629,League of Legends,01:02:53
1629,League of Legends,01:02:54
1629,League of Legends,01:02:55
1629,League of Legends,01:02:56
1641,League of Legends,01:02:57
1641,League of Legends,01:02:57
1641,League of Legends,01:02:58
1641,League of Legends,01:02:59
1641,League of Legends,01:03:00
1641,League of Legends,01:03:01
1641,League of Legends,01:03:02
1641,League of Legends,01:03:03
1641,League of Legends,01:03:03
1641,League of Legends,01:03:04
1641,League of Legends,01:03:05
1641,League of Legends,01:03:06
1641,League of Legends,01:03:07
1641,League of Legends,01:03:08
1641,League of Legends,01:03:09
1641,League of Legends,01:03:10
1641,League of Legends,01:03:10
1641,League of Legends,01:03:11
1641,League of Legends,01:03:12
1641,League of Legends,01:03:13
1641,League of Legends,01:03:14
1641,League of Legends,01:03:15
1641,League of Legends,01:03:16
1641,League of Legends,01:03:17
1641,League of Legends,01:03:18
1641,League of Legends,01:03:18
1641,League of Legends,01:03:19
1641,League of Legends,01:03:20
1641,League of Legends,01:03:21
1641,League of Legends,01:03:22
1641,League of Legends,01:03:23
1641,League of Legends,01:03:24
1641,League of Legends,01:03:25
1641,League of Legends,01:03:26
1641,League of Legends,01:03:26
1641,League of Legends,01:03:27
1641,League of Legends,01:03:28
1641,League of Legends,01:03:29
1641,League of Legends,01:03:30
1641,League of Legends,01:03:31
1641,League of Legends,01:03:32
1641,League of Legends,01:03:33
1641,League of Legends,01:03:33
1641,League of Legends,01:03:34
1641,League of Legends,01:03:35
1641,League of Legends,01:03:36
1641,League of Legends,01:03:37
1641,League of Legends,01:03:38
1707,League of Legends,01:03:39
1707,League of Legends,01:03:40
1707,League of Legends,01:03:40
1707,League of Legends,01:03:41
1707,League of Legends,01:03:42
1707,League of Legends,01:03:43
1707,League of Legends,01:03:44
1707,League of Legends,01:03:45
1707,League of Legends,01:03:46
1707,League of Legends,01:03:47
1707,League of Legends,01:03:48
1707,League of Legends,01:03:48
1707,League of Legends,01:03:49
1707,League of Legends,01:03:50
1707,League of Legends,01:03:51
1707,League of Legends,01:03:52
1707,League of Legends,01:03:53
1707,League of Legends,01:03:54
1707,League of Legends,01:03:55
1707,League of Legends,01:03:56
1707,League of Legends,01:03:56
1707,League of Legends,01:03:57
1707,League of Legends,01:03:58
1707,League of Legends,01:03:59
1707,League of Legends,01:04:00
1707,League of Legends,01:04:01
1707,League of Legends,01:04:02
1707,League of Legends,01:04:03
1707,League of Legends,01:04:03
1707,League of Legends,01:04:04
1707,League of Legends,01:04:05
1707,League of Legends,01:04:06
1707,League of Legends,01:04:07
1707,League of Legends,01:04:08
1707,League of Legends,01:04:09
1707,League of Legends,01:04:10
1707,League of Legends,01:04:11
1707,League of Legends,01:04:12
1707,League of Legends,01:04:13
1707,League of Legends,01:04:13
1707,League of Legends,01:04:14
1707,League of Legends,01:04:15
1707,League of Legends,01:04:16
1707,League of Legends,01:04:17
1707,League of Legends,01:04:18
1707,League of Legends,01:04:19
1707,League of Legends,01:04:20
1707,League of Legends,01:04:20
1707,League of Legends,01:04:21
1707,League of Legends,01:04:22
1707,League of Legends,01:04:23
1707,League of Legends,01:04:24
1707,League of Legends,01:04:25
1707,League of Legends,01:04:26
1732,League of Legends,01:04:27
1732,League of Legends,01:04:28
1732,League of Legends,01:04:28
1732,League of Legends,01:04:29
1732,League of Legends,01:04:30
1732,League of Legends,01:04:31
1732,League of Legends,01:04:32
1732,League of Legends,01:04:33
1732,League of Legends,01:04:34
1732,League of Legends,01:04:34
1732,League of Legends,01:04:35
1732,League of Legends,01:04:36
1732,League of Legends,01:04:37
1732,League of Legends,01:04:38
1732,League of Legends,01:04:39
1732,League of Legends,01:04:40
1732,League of Legends,01:04:41
1732,League of Legends,01:04:42
1732,League of Legends,01:04:42
1732,League of Legends,01:04:43
1732,League of Legends,01:04:44
1732,League of Legends,01:04:45
1732,League of Legends,01:04:46
1732,League of Legends,01:04:47
1732,League of Legends,01:04:48
1732,League of Legends,01:04:49
1732,League of Legends,01:04:49
1732,League of Legends,01:04:50
1732,League of Legends,01:04:51
1732,League of Legends,01:04:52
1732,League of Legends,01:04:53
1732,League of Legends,01:04:54
1732,League of Legends,01:04:55
1732,League of Legends,01:04:56
1732,League of Legends,01:04:57
1732,League of Legends,01:04:57
1732,League of Legends,01:04:58
1732,League of Legends,01:04:59
1732,League of Legends,01:05:00
1732,League of Legends,01:05:01
1732,League of Legends,01:05:02
1732,League of Legends,01:05:03
1732,League of Legends,01:05:04
1732,League of Legends,01:05:04
1732,League of Legends,01:05:05
1732,League of Legends,01:05:06
1732,League of Legends,01:05:07
1732,League of Legends,01:05:08
1718,League of Legends,01:05:09
1718,League of Legends,01:05:10
1718,League of Legends,01:05:11
1718,League of Legends,01:05:11
1718,League of Legends,01:05:12
1718,League of Legends,01:05:13
1718,League of Legends,01:05:14
1718,League of Legends,01:05:15
1718,League of Legends,01:05:16
1718,League of Legends,01:05:17
1718,League of Legends,01:05:18
1718,League of Legends,01:05:18
1718,League of Legends,01:05:19
1718,League of Legends,01:05:20
1718,League of Legends,01:05:21
1718,League of Legends,01:05:22
1718,League of Legends,01:05:23
1718,League of Legends,01:05:24
1718,League of Legends,01:05:25
1718,League of Legends,01:05:26
1718,League of Legends,01:05:26
1718,League of Legends,01:05:27
1718,League of Legends,01:05:28
1718,League of Legends,01:05:29
1718,League of Legends,01:05:30
1718,League of Legends,01:05:31
1718,League of Legends,01:05:32
1718,League of Legends,01:05:33
1718,League of Legends,01:05:34
1718,League of Legends,01:05:35
1718,League of Legends,01:05:36
1718,League of Legends,01:05:37
1718,League of Legends,01:05:37
1718,League of Legends,01:05:38
1718,League of Legends,01:05:39
1718,League of Legends,01:05:40
1718,League of Legends,01:05:41
1718,League of Legends,01:05:42
1718,League of Legends,01:05:43
1718,League of Legends,01:05:44
1718,League of Legends,01:05:44
1718,League of Legends,01:05:45
1718,League of Legends,01:05:46
1718,League of Legends,01:05:47
1718,League of Legends,01:05:48
1718,League of Legends,01:05:49
1718,League of Legends,01:05:50
1718,League of Legends,01:05:51
1718,League of Legends,01:05:52
1718,League of Legends,01:05:52
1718,League of Legends,01:05:53
1718,League of Legends,01:05:54
1718,League of Legends,01:05:55
1718,League of Legends,01:05:56
1719,League of Legends,01:05:57
1719,League of Legends,01:05:58
1719,League of Legends,01:05:59
1719,League of Legends,01:05:59
1719,League of Legends,01:06:00
1719,League of Legends,01:06:01
1719,League of Legends,01:06:02
1719,League of Legends,01:06:03
1719,League of Legends,01:06:04
1719,League of Legends,01:06:05
1719,League of Legends,01:06:05
1719,League of Legends,01:06:06
1719,League of Legends,01:06:07
1719,League of Legends,01:06:08
1719,League of Legends,01:06:09
1719,League of Legends,01:06:10
1719,League of Legends,01:06:11
1719,League of Legends,01:06:12
1719,League of Legends,01:06:13
1719,League of Legends,01:06:13
1719,League of Legends,01:06:14
1719,League of Legends,01:06:15
1719,League of Legends,01:06:16
1719,League of Legends,01:06:17
1719,League of Legends,01:06:18
1719,League of Legends,01:06:19
1719,League of Legends,01:06:20
1719,League of Legends,01:06:20
1719,League of Legends,01:06:21
1719,League of Legends,01:06:22
1719,League of Legends,01:06:23
1719,League of Legends,01:06:24
1719,League of Legends,01:06:25
1719,League of Legends,01:06:26
1719,League of Legends,01:06:27
1719,League of Legends,01:06:27
1719,League of Legends,01:06:28
1719,League of Legends,01:06:29
1719,League of Legends,01:06:30
1719,League of Legends,01:06:31
1719,League of Legends,01:06:32
1719,League of Legends,01:06:33
1719,League of Legends,01:06:34
1719,League of Legends,01:06:35
1719,League of Legends,01:06:35
1719,League of Legends,01:06:36
1719,League of Legends,01:06:37
1719,League of Legends,01:06:38
1738,League of Legends,01:06:39
1738,League of Legends,01:06:40
1738,League of Legends,01:06:41
1738,League of Legends,01:06:42
1738,League of Legends,01:06:43
1738,League of Legends,01:06:44
1738,League of Legends,01:06:45
1738,League of Legends,01:06:45
1738,League of Legends,01:06:46
1738,League of Legends,01:06:47
1738,League of Legends,01:06:48
1738,League of Legends,01:06:49
1738,League of Legends,01:06:50
1738,League of Legends,01:06:51
1738,League of Legends,01:06:52
1738,League of Legends,01:06:52
1738,League of Legends,01:06:53
1738,League of Legends,01:06:54
1738,League of Legends,01:06:55
1738,League of Legends,01:06:56
1738,League of Legends,01:06:57
1738,League of Legends,01:06:58
1738,League of Legends,01:06:58
1738,League of Legends,01:06:59
1738,League of Legends,01:07:00
1738,League of Legends,01:07:01
1738,League of Legends,01:07:02
1738,League of Legends,01:07:03
1738,League of Legends,01:07:04
1738,League of Legends,01:07:05
1738,League of Legends,01:07:06
1738,League of Legends,01:07:06
1738,League of Legends,01:07:07
1738,League of Legends,01:07:08
1738,League of Legends,01:07:09
1738,League of Legends,01:07:10
1821,Mortal Kombat X,04:14:40
1821,Mortal Kombat X,04:14:41
1858,Mortal Kombat X,04:15:25
1683,Mortal Kombat X,04:19:21
1699,Mortal Kombat X,04:30:00
1699,Mortal Kombat X,04:30:00
1725,Mortal Kombat X,04:30:01
1725,Mortal Kombat X,04:30:02
1725,Mortal Kombat X,04:30:03
1725,Mortal Kombat X,04:30:04
1725,Mortal Kombat X,04:30:05
1725,Mortal Kombat X,04:30:06
1725,Mortal Kombat X,04:30:07
1725,Mortal Kombat X,04:30:08
1725,Mortal Kombat X,04:30:09
1725,Mortal Kombat X,04:30:10
1725,Mortal Kombat X,04:30:10
1725,Mortal Kombat X,04:30:11
1672,Mortal Kombat X,04:34:51
1672,Mortal Kombat X,04:34:52
1672,Mortal Kombat X,04:34:52
1672,Mortal Kombat X,04:34:53
1672,Mortal Kombat X,04:34:54
1672,Mortal Kombat X,04:34:55
1672,Mortal Kombat X,04:34:56
1672,Mortal Kombat X,04:34:57
1672,Mortal Kombat X,04:34:58
1672,Mortal Kombat X,04:34:59
1672,Mortal Kombat X,04:34:59
1672,Mortal Kombat X,04:35:00
1634,Mortal Kombat X,04:35:01
1634,Mortal Kombat X,04:35:02
1634,Mortal Kombat X,04:35:03
1634,Mortal Kombat X,04:35:04
1634,Mortal Kombat X,04:35:05
1634,Mortal Kombat X,04:35:06
1634,Mortal Kombat X,04:35:07
1634,Mortal Kombat X,04:35:07
1634,Mortal Kombat X,04:35:08
1634,Mortal Kombat X,04:35:09
1634,Mortal Kombat X,04:35:10
1634,Mortal Kombat X,04:35:11
1634,Mortal Kombat X,04:35:12
1634,Mortal Kombat X,04:35:13
1634,Mortal Kombat X,04:35:14
1634,Mortal Kombat X,04:35:14
1634,Mortal Kombat X,04:35:15
1634,Mortal Kombat X,04:35:16
1634,Mortal Kombat X,04:35:17
1634,Mortal Kombat X,04:35:18
1634,Mortal Kombat X,04:35:19
1634,Mortal Kombat X,04:35:20
1634,Mortal Kombat X,04:35:21
1634,Mortal Kombat X,04:35:22
1634,Mortal Kombat X,04:35:23
1634,Mortal Kombat X,04:35:23
1634,Mortal Kombat X,04:35:24
1634,Mortal Kombat X,04:35:25
1634,Mortal Kombat X,04:35:26
1634,Mortal Kombat X,04:35:27
1634,Mortal Kombat X,04:35:28
1634,Mortal Kombat X,04:35:29
1634,Mortal Kombat X,04:35:30
1634,Mortal Kombat X,04:35:30
1634,Mortal Kombat X,04:35:31
1634,Mortal Kombat X,04:35:32
1634,Mortal Kombat X,04:35:33
1634,Mortal Kombat X,04:35:34
1634,Mortal Kombat X,04:35:35
1634,Mortal Kombat X,04:35:36
1634,Mortal Kombat X,04:35:37
1634,Mortal Kombat X,04:35:38
1634,Mortal Kombat X,04:35:38
1634,Mortal Kombat X,04:35:39
1634,Mortal Kombat X,04:35:40
1634,Mortal Kombat X,04:35:41
1634,Mortal Kombat X,04:35:42
1634,Mortal Kombat X,04:35:43
1634,Mortal Kombat X,04:35:44
1634,Mortal Kombat X,04:35:45
1634,Mortal Kombat X,04:35:46
1634,Mortal Kombat X,04:35:46
1634,Mortal Kombat X,04:35:47
1634,Mortal Kombat X,04:35:48
1671,Mortal Kombat X,04:35:49
1671,Mortal Kombat X,04:35:50
1671,Mortal Kombat X,04:35:51
1671,Mortal Kombat X,04:35:52
1671,Mortal Kombat X,04:35:53
1671,Mortal Kombat X,04:35:53
1671,Mortal Kombat X,04:35:54
1671,Mortal Kombat X,04:35:55
1671,Mortal Kombat X,04:35:56
1671,Mortal Kombat X,04:35:57
1671,Mortal Kombat X,04:35:58
1671,Mortal Kombat X,04:35:59
1671,Mortal Kombat X,04:36:00
1671,Mortal Kombat X,04:36:01
1671,Mortal Kombat X,04:36:01
1671,Mortal Kombat X,04:36:02
1671,Mortal Kombat X,04:36:03
1671,Mortal Kombat X,04:36:04
1671,Mortal Kombat X,04:36:05
1671,Mortal Kombat X,04:36:06
1671,Mortal Kombat X,04:36:07
1671,Mortal Kombat X,04:36:08
1671,Mortal Kombat X,04:36:09
1671,Mortal Kombat X,04:36:09
1671,Mortal Kombat X,04:36:10
1671,Mortal Kombat X,04:36:11
1671,Mortal Kombat X,04:36:12
1671,Mortal Kombat X,04:36:13
1671,Mortal Kombat X,04:36:14
1671,Mortal Kombat X,04:36:15
1671,Mortal Kombat X,04:36:16
1671,Mortal Kombat X,04:36:16
1671,Mortal Kombat X,04:36:17
1671,Mortal Kombat X,04:36:18
1671,Mortal Kombat X,04:36:19
1671,Mortal Kombat X,04:36:20
1671,Mortal Kombat X,04:36:21
1671,Mortal Kombat X,04:36:22
1671,Mortal Kombat X,04:36:23
1671,Mortal Kombat X,04:36:24
1671,Mortal Kombat X,04:36:24
1671,Mortal Kombat X,04:36:25
1671,Mortal Kombat X,04:36:26
1671,Mortal Kombat X,04:36:27
1671,Mortal Kombat X,04:36:28
1671,Mortal Kombat X,04:36:29
1671,Mortal Kombat X,04:36:30
1671,Mortal Kombat X,04:36:31
1662,Mortal Kombat X,04:36:32
1662,Mortal Kombat X,04:36:32
1662,Mortal Kombat X,04:36:33
1662,Mortal Kombat X,04:36:34
1662,Mortal Kombat X,04:36:35
1662,Mortal Kombat X,04:36:36
1662,Mortal Kombat X,04:36:37
1662,Mortal Kombat X,04:36:38
1662,Mortal Kombat X,04:36:39
1662,Mortal Kombat X,04:36:39
1662,Mortal Kombat X,04:36:40
1662,Mortal Kombat X,04:36:41
1662,Mortal Kombat X,04:36:42
1662,Mortal Kombat X,04:36:43
1662,Mortal Kombat X,04:36:44
1662,Mortal Kombat X,04:36:45
1662,Mortal Kombat X,04:36:46
1662,Mortal Kombat X,04:36:47
1662,Mortal Kombat X,04:36:47
1662,Mortal Kombat X,04:36:48
1662,Mortal Kombat X,04:36:49
1662,Mortal Kombat X,04:36:50
1662,Mortal Kombat X,04:36:51
1662,Mortal Kombat X,04:36:52
1662,Mortal Kombat X,04:36:53
1662,Mortal Kombat X,04:36:54
1662,Mortal Kombat X,04:36:55
1662,Mortal Kombat X,04:36:55
1662,Mortal Kombat X,04:36:56
1662,Mortal Kombat X,04:36:57
1662,Mortal Kombat X,04:36:58
1662,Mortal Kombat X,04:36:59
1662,Mortal Kombat X,04:37:00
1662,Mortal Kombat X,04:37:01
1662,Mortal Kombat X,04:37:02
1662,Mortal Kombat X,04:37:02
1662,Mortal Kombat X,04:37:03
1662,Mortal Kombat X,04:37:04
1662,Mortal Kombat X,04:37:05
1662,Mortal Kombat X,04:37:06
1662,Mortal Kombat X,04:37:07
1662,Mortal Kombat X,04:37:08
1662,Mortal Kombat X,04:37:09
1662,Mortal Kombat X,04:37:09
1662,Mortal Kombat X,04:37:10
1662,Mortal Kombat X,04:37:11
1662,Mortal Kombat X,04:37:12
1662,Mortal Kombat X,04:37:13
1662,Mortal Kombat X,04:37:14
1662,Mortal Kombat X,04:37:15
1662,Mortal Kombat X,04:37:16
1662,Mortal Kombat X,04:37:16
1662,Mortal Kombat X,04:37:17
1662,Mortal Kombat X,04:37:18
1660,Mortal Kombat X,04:37:19
1660,Mortal Kombat X,04:37:20
1660,Mortal Kombat X,04:37:21
1660,Mortal Kombat X,04:37:22
1660,Mortal Kombat X,04:37:23
1660,Mortal Kombat X,04:37:23
1660,Mortal Kombat X,04:37:24
1660,Mortal Kombat X,04:37:25
1660,Mortal Kombat X,04:37:26
1660,Mortal Kombat X,04:37:27
1660,Mortal Kombat X,04:37:28
1660,Mortal Kombat X,04:37:29
1662,Mortal Kombat X,04:37:30
1662,Mortal Kombat X,04:37:31
1662,Mortal Kombat X,04:37:31
1662,Mortal Kombat X,04:37:32
1662,Mortal Kombat X,04:37:33
1662,Mortal Kombat X,04:37:34
1662,Mortal Kombat X,04:37:35
1662,Mortal Kombat X,04:37:36
1662,Mortal Kombat X,04:37:37
1662,Mortal Kombat X,04:37:38
1662,Mortal Kombat X,04:37:39
1662,Mortal Kombat X,04:37:39
1662,Mortal Kombat X,04:37:40
1662,Mortal Kombat X,04:37:41
1662,Mortal Kombat X,04:37:42
1662,Mortal Kombat X,04:37:43
1662,Mortal Kombat X,04:37:44
1662,Mortal Kombat X,04:37:45
1660,Mortal Kombat X,04:37:46
1660,Mortal Kombat X,04:37:46
1660,Mortal Kombat X,04:37:47
1660,Mortal Kombat X,04:37:48
1660,Mortal Kombat X,04:37:49
1660,Mortal Kombat X,04:37:50
1660,Mortal Kombat X,04:37:51
1660,Mortal Kombat X,04:37:52
1660,Mortal Kombat X,04:37:53
1660,Mortal Kombat X,04:37:53
1660,Mortal Kombat X,04:37:54
1660,Mortal Kombat X,04:37:55
1660,Mortal Kombat X,04:37:57
1660,Mortal Kombat X,04:37:57
1660,Mortal Kombat X,04:37:58
1660,Mortal Kombat X,04:37:59
1660,Mortal Kombat X,04:38:00
1660,Mortal Kombat X,04:38:01
1657,Mortal Kombat X,04:38:02
1657,Mortal Kombat X,04:38:03
1657,Mortal Kombat X,04:38:04
1657,Mortal Kombat X,04:38:05
1657,Mortal Kombat X,04:38:06
1657,Mortal Kombat X,04:38:07
1657,Mortal Kombat X,04:38:08
1657,Mortal Kombat X,04:38:09
1657,Mortal Kombat X,04:38:09
1657,Mortal Kombat X,04:38:10
1657,Mortal Kombat X,04:38:11
1657,Mortal Kombat X,04:38:12
1657,Mortal Kombat X,04:38:13
1657,Mortal Kombat X,04:38:14
1657,Mortal Kombat X,04:38:15
1657,Mortal Kombat X,04:38:16
1657,Mortal Kombat X,04:38:17
1657,Mortal Kombat X,04:38:17
1660,Mortal Kombat X,04:38:18
1660,Mortal Kombat X,04:38:19
1660,Mortal Kombat X,04:38:20
1660,Mortal Kombat X,04:38:21
1660,Mortal Kombat X,04:38:22
1660,Mortal Kombat X,04:38:23
1660,Mortal Kombat X,04:38:24
1660,Mortal Kombat X,04:38:24
1660,Mortal Kombat X,04:38:25
1660,Mortal Kombat X,04:38:26
1660,Mortal Kombat X,04:38:27
1660,Mortal Kombat X,04:38:28
1660,Mortal Kombat X,04:38:29
1660,Mortal Kombat X,04:38:30
1660,Mortal Kombat X,04:38:31
1660,Mortal Kombat X,04:38:32
1660,Mortal Kombat X,04:38:32
1660,Mortal Kombat X,04:38:33
1657,Mortal Kombat X,04:38:34
1657,Mortal Kombat X,04:38:35
1657,Mortal Kombat X,04:38:36
1657,Mortal Kombat X,04:38:37
1657,Mortal Kombat X,04:38:38
1657,Mortal Kombat X,04:38:39
1657,Mortal Kombat X,04:38:39
1657,Mortal Kombat X,04:38:40
1657,Mortal Kombat X,04:38:41
1657,Mortal Kombat X,04:38:42
1657,Mortal Kombat X,04:38:43
1657,Mortal Kombat X,04:38:44
1657,Mortal Kombat X,04:38:45
1657,Mortal Kombat X,04:38:46
1657,Mortal Kombat X,04:38:46
1657,Mortal Kombat X,04:38:47
1657,Mortal Kombat X,04:38:48
1657,Mortal Kombat X,04:38:49
1649,Mortal Kombat X,04:38:50
1649,Mortal Kombat X,04:38:51
1649,Mortal Kombat X,04:38:52
1649,Mortal Kombat X,04:38:53
1649,Mortal Kombat X,04:38:54
1649,Mortal Kombat X,04:38:54
1649,Mortal Kombat X,04:38:55
1649,Mortal Kombat X,04:38:56
1649,Mortal Kombat X,04:38:57
1649,Mortal Kombat X,04:38:58
1649,Mortal Kombat X,04:38:59
1649,Mortal Kombat X,04:39:00
1649,Mortal Kombat X,04:39:01
1649,Mortal Kombat X,04:39:02
1649,Mortal Kombat X,04:39:03
1649,Mortal Kombat X,04:39:04
1649,Mortal Kombat X,04:39:05
1649,Mortal Kombat X,04:39:05
1649,Mortal Kombat X,04:39:06
1649,Mortal Kombat X,04:39:07
1649,Mortal Kombat X,04:39:08
1649,Mortal Kombat X,04:39:09
1649,Mortal Kombat X,04:39:10
1649,Mortal Kombat X,04:39:11
1649,Mortal Kombat X,04:39:12
1649,Mortal Kombat X,04:39:12
1649,Mortal Kombat X,04:39:13
1649,Mortal Kombat X,04:39:14
1649,Mortal Kombat X,04:39:15
1649,Mortal Kombat X,04:39:16
1643,Mortal Kombat X,04:39:17
1643,Mortal Kombat X,04:39:18
1643,Mortal Kombat X,04:39:19
1643,Mortal Kombat X,04:39:19
1643,Mortal Kombat X,04:39:20
1643,Mortal Kombat X,04:39:21
1643,Mortal Kombat X,04:39:22
1643,Mortal Kombat X,04:39:23
1643,Mortal Kombat X,04:39:24
1643,Mortal Kombat X,04:39:25
1643,Mortal Kombat X,04:39:26
1643,Mortal Kombat X,04:39:26
1643,Mortal Kombat X,04:39:27
1643,Mortal Kombat X,04:39:28
1643,Mortal Kombat X,04:39:29
1643,Mortal Kombat X,04:39:30
1643,Mortal Kombat X,04:39:31
1643,Mortal Kombat X,04:39:32
1643,Mortal Kombat X,04:39:33
1643,Mortal Kombat X,04:39:33
1643,Mortal Kombat X,04:39:34
1643,Mortal Kombat X,04:39:35
1643,Mortal Kombat X,04:39:36
1643,Mortal Kombat X,04:39:37
1643,Mortal Kombat X,04:39:38
1643,Mortal Kombat X,04:39:39
1643,Mortal Kombat X,04:39:40
1643,Mortal Kombat X,04:39:40
1643,Mortal Kombat X,04:39:41
1643,Mortal Kombat X,04:39:42
1643,Mortal Kombat X,04:39:43
1643,Mortal Kombat X,04:39:44
1643,Mortal Kombat X,04:39:45
1643,Mortal Kombat X,04:39:46
1643,Mortal Kombat X,04:39:47
1643,Mortal Kombat X,04:39:48
1643,Mortal Kombat X,04:39:49
1643,Mortal Kombat X,04:39:49
1643,Mortal Kombat X,04:39:50
1643,Mortal Kombat X,04:39:51
1643,Mortal Kombat X,04:39:52
1643,Mortal Kombat X,04:39:53
1643,Mortal Kombat X,04:39:54
1643,Mortal Kombat X,04:39:55
1643,Mortal Kombat X,04:39:56
1643,Mortal Kombat X,04:39:56
1643,Mortal Kombat X,04:39:57
1643,Mortal Kombat X,04:39:58
1643,Mortal Kombat X,04:39:59
1643,Mortal Kombat X,04:40:00
1643,Mortal Kombat X,04:40:01
1643,Mortal Kombat X,04:40:02
1643,Mortal Kombat X,04:40:03
1643,Mortal Kombat X,04:40:04
1680,Mortal Kombat X,04:40:04
1680,Mortal Kombat X,04:40:05
1680,Mortal Kombat X,04:40:06
1680,Mortal Kombat X,04:40:07
1680,Mortal Kombat X,04:40:08
1680,Mortal Kombat X,04:40:09
1680,Mortal Kombat X,04:40:10
1680,Mortal Kombat X,04:40:11
1680,Mortal Kombat X,04:40:11
1680,Mortal Kombat X,04:40:12
1680,Mortal Kombat X,04:40:13
1680,Mortal Kombat X,04:40:14
1680,Mortal Kombat X,04:40:15
1680,Mortal Kombat X,04:40:16
1680,Mortal Kombat X,04:40:17
1680,Mortal Kombat X,04:40:18
1680,Mortal Kombat X,04:40:18
1680,Mortal Kombat X,04:40:19
1680,Mortal Kombat X,04:40:21
1680,Mortal Kombat X,04:40:21
1680,Mortal Kombat X,04:40:22
1680,Mortal Kombat X,04:40:23
1680,Mortal Kombat X,04:40:24
1680,Mortal Kombat X,04:40:25
1680,Mortal Kombat X,04:40:26
1680,Mortal Kombat X,04:40:27
1680,Mortal Kombat X,04:40:28
1680,Mortal Kombat X,04:40:28
1680,Mortal Kombat X,04:40:29
1680,Mortal Kombat X,04:40:30
1643,Mortal Kombat X,04:40:31
1643,Mortal Kombat X,04:40:32
1643,Mortal Kombat X,04:40:33
1643,Mortal Kombat X,04:40:34
1643,Mortal Kombat X,04:40:35
1643,Mortal Kombat X,04:40:35
1643,Mortal Kombat X,04:40:36
1643,Mortal Kombat X,04:40:37
1643,Mortal Kombat X,04:40:38
1643,Mortal Kombat X,04:40:39
1643,Mortal Kombat X,04:40:40
1643,Mortal Kombat X,04:40:41
1643,Mortal Kombat X,04:40:42
1643,Mortal Kombat X,04:40:43
1643,Mortal Kombat X,04:40:43
1643,Mortal Kombat X,04:40:44
1643,Mortal Kombat X,04:40:45
1643,Mortal Kombat X,04:40:46
1702,Mortal Kombat X,04:40:47
1702,Mortal Kombat X,04:40:48
1702,Mortal Kombat X,04:40:49
1702,Mortal Kombat X,04:40:50
1702,Mortal Kombat X,04:40:50
1702,Mortal Kombat X,04:40:51
1702,Mortal Kombat X,04:40:52
1702,Mortal Kombat X,04:40:53
1702,Mortal Kombat X,04:40:54
1702,Mortal Kombat X,04:40:55
1702,Mortal Kombat X,04:40:56
1702,Mortal Kombat X,04:40:57
1702,Mortal Kombat X,04:40:58
1702,Mortal Kombat X,04:40:59
1702,Mortal Kombat X,04:41:00
1702,Mortal Kombat X,04:41:00
1702,Mortal Kombat X,04:41:01
1702,Mortal Kombat X,04:41:02
1702,Mortal Kombat X,04:41:03
1702,Mortal Kombat X,04:41:04
1702,Mortal Kombat X,04:41:05
1702,Mortal Kombat X,04:41:06
1702,Mortal Kombat X,04:41:07
1702,Mortal Kombat X,04:41:07
1702,Mortal Kombat X,04:41:08
1702,Mortal Kombat X,04:41:09
1702,Mortal Kombat X,04:41:10
1702,Mortal Kombat X,04:41:11
1702,Mortal Kombat X,04:41:12
1702,Mortal Kombat X,04:41:13
1702,Mortal Kombat X,04:41:14
1702,Mortal Kombat X,04:41:14
1702,Mortal Kombat X,04:41:15
1702,Mortal Kombat X,04:41:16
1702,Mortal Kombat X,04:41:17
1702,Mortal Kombat X,04:41:18
1702,Mortal Kombat X,04:41:19
1702,Mortal Kombat X,04:41:20
1702,Mortal Kombat X,04:41:20
1702,Mortal Kombat X,04:41:21
1702,Mortal Kombat X,04:41:22
1702,Mortal Kombat X,04:41:23
1702,Mortal Kombat X,04:41:24
1702,Mortal Kombat X,04:41:25
1702,Mortal Kombat X,04:41:26
1702,Mortal Kombat X,04:41:27
1702,Mortal Kombat X,04:41:27
1702,Mortal Kombat X,04:41:28
1702,Mortal Kombat X,04:41:29
1702,Mortal Kombat X,04:41:30
1702,Mortal Kombat X,04:41:31
1702,Mortal Kombat X,04:41:32
1702,Mortal Kombat X,04:41:33
1702,Mortal Kombat X,04:41:34
1685,Mortal Kombat X,04:41:35
1685,Mortal Kombat X,04:41:35
1685,Mortal Kombat X,04:41:36
1685,Mortal Kombat X,04:41:37
1685,Mortal Kombat X,04:41:38
1685,Mortal Kombat X,04:41:39
1685,Mortal Kombat X,04:41:40
1685,Mortal Kombat X,04:41:41
1685,Mortal Kombat X,04:41:42
1685,Mortal Kombat X,04:41:42
1685,Mortal Kombat X,04:41:43
1685,Mortal Kombat X,04:41:44
1685,Mortal Kombat X,04:41:45
1685,Mortal Kombat X,04:41:46
1685,Mortal Kombat X,04:41:47
1685,Mortal Kombat X,04:41:48
1685,Mortal Kombat X,04:41:48
1685,Mortal Kombat X,04:41:49
1685,Mortal Kombat X,04:41:50
1685,Mortal Kombat X,04:41:51
1685,Mortal Kombat X,04:41:52
1685,Mortal Kombat X,04:41:53
1685,Mortal Kombat X,04:41:54
1685,Mortal Kombat X,04:41:55
1685,Mortal Kombat X,04:41:55
1685,Mortal Kombat X,04:41:56
1685,Mortal Kombat X,04:41:57
1685,Mortal Kombat X,04:41:58
1685,Mortal Kombat X,04:41:59
1685,Mortal Kombat X,04:42:00
1685,Mortal Kombat X,04:42:01
1685,Mortal Kombat X,04:42:02
1685,Mortal Kombat X,04:42:03
1685,Mortal Kombat X,04:42:03
1685,Mortal Kombat X,04:42:04
1685,Mortal Kombat X,04:42:05
1685,Mortal Kombat X,04:42:06
1685,Mortal Kombat X,04:42:07
1685,Mortal Kombat X,04:42:08
1685,Mortal Kombat X,04:42:09
1685,Mortal Kombat X,04:42:10
1685,Mortal Kombat X,04:42:10
1685,Mortal Kombat X,04:42:11
1685,Mortal Kombat X,04:42:12
1685,Mortal Kombat X,04:42:13
1685,Mortal Kombat X,04:42:14
1685,Mortal Kombat X,04:42:15
1685,Mortal Kombat X,04:42:16
1673,Mortal Kombat X,04:42:17
1673,Mortal Kombat X,04:42:17
1673,Mortal Kombat X,04:42:18
1673,Mortal Kombat X,04:42:19
1673,Mortal Kombat X,04:42:20
1673,Mortal Kombat X,04:42:21
1673,Mortal Kombat X,04:42:22
1673,Mortal Kombat X,04:42:23
1673,Mortal Kombat X,04:42:24
1673,Mortal Kombat X,04:42:24
1673,Mortal Kombat X,04:42:25
1673,Mortal Kombat X,04:42:26
1673,Mortal Kombat X,04:42:27
1673,Mortal Kombat X,04:42:28
1673,Mortal Kombat X,04:42:29
1673,Mortal Kombat X,04:42:30
1673,Mortal Kombat X,04:42:31
1673,Mortal Kombat X,04:42:32
1673,Mortal Kombat X,04:42:33
1673,Mortal Kombat X,04:42:34
1673,Mortal Kombat X,04:42:34
1673,Mortal Kombat X,04:42:35
1673,Mortal Kombat X,04:42:36
1673,Mortal Kombat X,04:42:37
1673,Mortal Kombat X,04:42:38
1673,Mortal Kombat X,04:42:39
1673,Mortal Kombat X,04:42:40
1673,Mortal Kombat X,04:42:41
1673,Mortal Kombat X,04:42:41
1673,Mortal Kombat X,04:42:42
1673,Mortal Kombat X,04:42:43
1673,Mortal Kombat X,04:42:44
1673,Mortal Kombat X,04:42:45
1673,Mortal Kombat X,04:42:46
1673,Mortal Kombat X,04:42:47
1673,Mortal Kombat X,04:42:48
1673,Mortal Kombat X,04:42:48
1689,Mortal Kombat X,04:42:49
1689,Mortal Kombat X,04:42:50
1689,Mortal Kombat X,04:42:51
1689,Mortal Kombat X,04:42:52
1689,Mortal Kombat X,04:42:53
1689,Mortal Kombat X,04:42:54
1689,Mortal Kombat X,04:42:55
1689,Mortal Kombat X,04:42:55
1689,Mortal Kombat X,04:42:56
1689,Mortal Kombat X,04:42:57
1689,Mortal Kombat X,04:42:58
1689,Mortal Kombat X,04:42:59
1689,Mortal Kombat X,04:43:00
1689,Mortal Kombat X,04:43:01
1689,Mortal Kombat X,04:43:02
1689,Mortal Kombat X,04:43:02
1689,Mortal Kombat X,04:43:03
1689,Mortal Kombat X,04:43:04
1689,Mortal Kombat X,04:43:05
1689,Mortal Kombat X,04:43:06
1689,Mortal Kombat X,04:43:07
1689,Mortal Kombat X,04:43:08
1689,Mortal Kombat X,04:43:09
1689,Mortal Kombat X,04:43:10
1689,Mortal Kombat X,04:43:10
1689,Mortal Kombat X,04:43:11
1689,Mortal Kombat X,04:43:12
1689,Mortal Kombat X,04:43:13
1689,Mortal Kombat X,04:43:14
1689,Mortal Kombat X,04:43:15
1689,Mortal Kombat X,04:43:16
1689,Mortal Kombat X,04:43:17
1689,Mortal Kombat X,04:43:17
1689,Mortal Kombat X,04:43:18
1689,Mortal Kombat X,04:43:19
1689,Mortal Kombat X,04:43:20
1689,Mortal Kombat X,04:43:21
1689,Mortal Kombat X,04:43:22
1689,Mortal Kombat X,04:43:23
1689,Mortal Kombat X,04:43:24
1689,Mortal Kombat X,04:43:24
1689,Mortal Kombat X,04:43:25
1689,Mortal Kombat X,04:43:26
1689,Mortal Kombat X,04:43:27
1689,Mortal Kombat X,04:43:28
1689,Mortal Kombat X,04:43:29
1689,Mortal Kombat X,04:43:30
1689,Mortal Kombat X,04:43:31
1689,Mortal Kombat X,04:43:31
1689,Mortal Kombat X,04:43:32
1689,Mortal Kombat X,04:43:33
1689,Mortal Kombat X,04:43:34
1689,Mortal Kombat X,04:43:35
1716,Mortal Kombat X,04:43:36
1716,Mortal Kombat X,04:43:37
1716,Mortal Kombat X,04:43:38
1716,Mortal Kombat X,04:43:38
1716,Mortal Kombat X,04:43:39
1716,Mortal Kombat X,04:43:40
1716,Mortal Kombat X,04:43:41
1716,Mortal Kombat X,04:43:42
1716,Mortal Kombat X,04:43:43
1716,Mortal Kombat X,04:43:44
1716,Mortal Kombat X,04:43:45
1716,Mortal Kombat X,04:43:45
1716,Mortal Kombat X,04:43:46
1716,Mortal Kombat X,04:43:47
1716,Mortal Kombat X,04:43:48
1716,Mortal Kombat X,04:43:49
1716,Mortal Kombat X,04:43:50
1716,Mortal Kombat X,04:43:51
1716,Mortal Kombat X,04:43:52
1716,Mortal Kombat X,04:43:52
1716,Mortal Kombat X,04:43:53
1716,Mortal Kombat X,04:43:54
1716,Mortal Kombat X,04:43:55
1716,Mortal Kombat X,04:43:56
1716,Mortal Kombat X,04:43:57
1716,Mortal Kombat X,04:43:58
1716,Mortal Kombat X,04:43:59
1716,Mortal Kombat X,04:43:59
1716,Mortal Kombat X,04:44:00
1716,Mortal Kombat X,04:44:01
1716,Mortal Kombat X,04:44:02
1716,Mortal Kombat X,04:44:03
1716,Mortal Kombat X,04:44:04
1716,Mortal Kombat X,04:44:05
1716,Mortal Kombat X,04:44:06
1716,Mortal Kombat X,04:44:06
1716,Mortal Kombat X,04:44:07
1716,Mortal Kombat X,04:44:08
1716,Mortal Kombat X,04:44:09
1716,Mortal Kombat X,04:44:10
1716,Mortal Kombat X,04:44:11
1716,Mortal Kombat X,04:44:12
1716,Mortal Kombat X,04:44:13
1716,Mortal Kombat X,04:44:13
1716,Mortal Kombat X,04:44:14
1716,Mortal Kombat X,04:44:15
1716,Mortal Kombat X,04:44:16
1716,Mortal Kombat X,04:44:17
1748,Mortal Kombat X,04:44:18
1748,Mortal Kombat X,04:44:19
1748,Mortal Kombat X,04:44:20
1748,Mortal Kombat X,04:44:21
1748,Mortal Kombat X,04:44:21
1748,Mortal Kombat X,04:44:22
1748,Mortal Kombat X,04:44:23
1748,Mortal Kombat X,04:44:24
1748,Mortal Kombat X,04:44:25
1748,Mortal Kombat X,04:44:26
1748,Mortal Kombat X,04:44:27
1748,Mortal Kombat X,04:44:28
1748,Mortal Kombat X,04:44:28
1748,Mortal Kombat X,04:44:29
1748,Mortal Kombat X,04:44:30
1748,Mortal Kombat X,04:44:31
1748,Mortal Kombat X,04:44:32
1748,Mortal Kombat X,04:44:33
1748,Mortal Kombat X,04:44:34
1748,Mortal Kombat X,04:44:35
1748,Mortal Kombat X,04:44:35
1748,Mortal Kombat X,04:44:36
1748,Mortal Kombat X,04:44:37
1748,Mortal Kombat X,04:44:38
1748,Mortal Kombat X,04:44:39
1748,Mortal Kombat X,04:44:40
1748,Mortal Kombat X,04:44:41
1748,Mortal Kombat X,04:44:42
1748,Mortal Kombat X,04:44:42
1748,Mortal Kombat X,04:44:43
1748,Mortal Kombat X,04:44:44
1748,Mortal Kombat X,04:44:45
1748,Mortal Kombat X,04:44:46
1748,Mortal Kombat X,04:44:47
1748,Mortal Kombat X,04:44:48
1748,Mortal Kombat X,04:44:49
1748,Mortal Kombat X,04:44:50
1748,Mortal Kombat X,04:44:51
1748,Mortal Kombat X,04:44:52
1748,Mortal Kombat X,04:44:52
1748,Mortal Kombat X,04:44:53
1748,Mortal Kombat X,04:44:54
1748,Mortal Kombat X,04:44:55
1748,Mortal Kombat X,04:44:56
1748,Mortal Kombat X,04:44:57
1748,Mortal Kombat X,04:44:58
1748,Mortal Kombat X,04:44:59
1748,Mortal Kombat X,04:44:59
1748,Mortal Kombat X,04:45:00
1748,Mortal Kombat X,04:45:01
1748,Mortal Kombat X,04:45:02
1748,Mortal Kombat X,04:45:03
1748,Mortal Kombat X,04:45:04
1748,Mortal Kombat X,04:45:05
1754,Mortal Kombat X,04:45:06
1754,Mortal Kombat X,04:45:06
1754,Mortal Kombat X,04:45:07
1754,Mortal Kombat X,04:45:08
1754,Mortal Kombat X,04:45:09
1754,Mortal Kombat X,04:45:10
1754,Mortal Kombat X,04:45:11
1754,Mortal Kombat X,04:45:12
1754,Mortal Kombat X,04:45:13
1754,Mortal Kombat X,04:45:13
1754,Mortal Kombat X,04:45:14
1754,Mortal Kombat X,04:45:15
1754,Mortal Kombat X,04:45:16
1754,Mortal Kombat X,04:45:17
1754,Mortal Kombat X,04:45:18
1754,Mortal Kombat X,04:45:19
1754,Mortal Kombat X,04:45:20
1754,Mortal Kombat X,04:45:20
1754,Mortal Kombat X,04:45:21
1754,Mortal Kombat X,04:45:22
1754,Mortal Kombat X,04:45:23
1754,Mortal Kombat X,04:45:24
1754,Mortal Kombat X,04:45:25
1754,Mortal Kombat X,04:45:26
1754,Mortal Kombat X,04:45:27
1754,Mortal Kombat X,04:45:28
1754,Mortal Kombat X,04:45:28
1754,Mortal Kombat X,04:45:29
1754,Mortal Kombat X,04:45:30
1754,Mortal Kombat X,04:45:31
1754,Mortal Kombat X,04:45:32
1754,Mortal Kombat X,04:45:33
1754,Mortal Kombat X,04:45:34
1754,Mortal Kombat X,04:45:35
1754,Mortal Kombat X,04:45:35
1754,Mortal Kombat X,04:45:36
1754,Mortal Kombat X,04:45:37
1754,Mortal Kombat X,04:45:38
1754,Mortal Kombat X,04:45:39
1754,Mortal Kombat X,04:45:40
1754,Mortal Kombat X,04:45:41
1754,Mortal Kombat X,04:45:42
1754,Mortal Kombat X,04:45:42
1754,Mortal Kombat X,04:45:43
1754,Mortal Kombat X,04:45:44
1754,Mortal Kombat X,04:45:45
1754,Mortal Kombat X,04:45:46
1754,Mortal Kombat X,04:45:47
1777,Mortal Kombat X,04:45:48
1777,Mortal Kombat X,04:45:49
1777,Mortal Kombat X,04:45:50
1777,Mortal Kombat X,04:45:51
1777,Mortal Kombat X,04:45:52
1777,Mortal Kombat X,04:45:53
1777,Mortal Kombat X,04:45:54
1777,Mortal Kombat X,04:45:54
1777,Mortal Kombat X,04:45:55
1777,Mortal Kombat X,04:45:56
1777,Mortal Kombat X,04:45:57
1777,Mortal Kombat X,04:45:58
1777,Mortal Kombat X,04:45:59
1777,Mortal Kombat X,04:46:00
1777,Mortal Kombat X,04:46:01
1777,Mortal Kombat X,04:46:01
1777,Mortal Kombat X,04:46:02
1777,Mortal Kombat X,04:46:03
1777,Mortal Kombat X,04:46:04
1777,Mortal Kombat X,04:46:05
1777,Mortal Kombat X,04:46:06
1777,Mortal Kombat X,04:46:07
1777,Mortal Kombat X,04:46:08
1777,Mortal Kombat X,04:46:08
1777,Mortal Kombat X,04:46:09
1777,Mortal Kombat X,04:46:10
1777,Mortal Kombat X,04:46:11
1777,Mortal Kombat X,04:46:12
1777,Mortal Kombat X,04:46:13
1777,Mortal Kombat X,04:46:14
1777,Mortal Kombat X,04:46:15
1777,Mortal Kombat X,04:46:15
1777,Mortal Kombat X,04:46:16
1777,Mortal Kombat X,04:46:17
1777,Mortal Kombat X,04:46:18
1777,Mortal Kombat X,04:46:19
1777,Mortal Kombat X,04:46:20
1777,Mortal Kombat X,04:46:21
1777,Mortal Kombat X,04:46:22
1777,Mortal Kombat X,04:46:22
1777,Mortal Kombat X,04:46:23
1777,Mortal Kombat X,04:46:24
1777,Mortal Kombat X,04:46:25
1777,Mortal Kombat X,04:46:26
1777,Mortal Kombat X,04:46:27
1777,Mortal Kombat X,04:46:28
1777,Mortal Kombat X,04:46:29
1777,Mortal Kombat X,04:46:29
1777,Mortal Kombat X,04:46:30
1777,Mortal Kombat X,04:46:31
1777,Mortal Kombat X,04:46:32
1777,Mortal Kombat X,04:46:33
1777,Mortal Kombat X,04:46:34
1777,Mortal Kombat X,04:46:35
1783,Mortal Kombat X,04:46:36
1783,Mortal Kombat X,04:46:37
1783,Mortal Kombat X,04:46:37
1783,Mortal Kombat X,04:46:38
1783,Mortal Kombat X,04:46:39
1783,Mortal Kombat X,04:46:40
1783,Mortal Kombat X,04:46:41
1783,Mortal Kombat X,04:46:42
1783,Mortal Kombat X,04:46:43
1783,Mortal Kombat X,04:46:44
1783,Mortal Kombat X,04:46:44
1783,Mortal Kombat X,04:46:45
1783,Mortal Kombat X,04:46:46
1783,Mortal Kombat X,04:46:47
1783,Mortal Kombat X,04:46:48
1783,Mortal Kombat X,04:46:49
1783,Mortal Kombat X,04:46:50
1783,Mortal Kombat X,04:46:51
1783,Mortal Kombat X,04:46:52
1783,Mortal Kombat X,04:46:52
1783,Mortal Kombat X,04:46:53
1783,Mortal Kombat X,04:46:54
1783,Mortal Kombat X,04:46:55
1783,Mortal Kombat X,04:46:56
1783,Mortal Kombat X,04:46:57
1783,Mortal Kombat X,04:46:58
1783,Mortal Kombat X,04:46:59
1783,Mortal Kombat X,04:47:00
1783,Mortal Kombat X,04:47:01
1783,Mortal Kombat X,04:47:02
1783,Mortal Kombat X,04:47:03
1783,Mortal Kombat X,04:47:03
1783,Mortal Kombat X,04:47:04
1783,Mortal Kombat X,04:47:05
1783,Mortal Kombat X,04:47:06
1783,Mortal Kombat X,04:47:07
1783,Mortal Kombat X,04:47:08
1783,Mortal Kombat X,04:47:09
1783,Mortal Kombat X,04:47:10
1783,Mortal Kombat X,04:47:10
1783,Mortal Kombat X,04:47:11
1783,Mortal Kombat X,04:47:12
1783,Mortal Kombat X,04:47:13
1783,Mortal Kombat X,04:47:14
1783,Mortal Kombat X,04:47:15
1783,Mortal Kombat X,04:47:16
1783,Mortal Kombat X,04:47:17
1783,Mortal Kombat X,04:47:17
1768,Mortal Kombat X,04:47:18
1768,Mortal Kombat X,04:47:19
1768,Mortal Kombat X,04:47:20
1768,Mortal Kombat X,04:47:21
1768,Mortal Kombat X,04:47:22
1768,Mortal Kombat X,04:47:23
1768,Mortal Kombat X,04:47:24
1768,Mortal Kombat X,04:47:25
1768,Mortal Kombat X,04:47:26
1768,Mortal Kombat X,04:47:26
1768,Mortal Kombat X,04:47:27
1768,Mortal Kombat X,04:47:28
1768,Mortal Kombat X,04:47:29
1768,Mortal Kombat X,04:47:30
1768,Mortal Kombat X,04:47:31
1768,Mortal Kombat X,04:47:32
1768,Mortal Kombat X,04:47:33
1768,Mortal Kombat X,04:47:33
1768,Mortal Kombat X,04:47:34
1768,Mortal Kombat X,04:47:35
1768,Mortal Kombat X,04:47:36
1768,Mortal Kombat X,04:47:37
1768,Mortal Kombat X,04:47:38
1768,Mortal Kombat X,04:47:39
1768,Mortal Kombat X,04:47:40
1768,Mortal Kombat X,04:47:40
1768,Mortal Kombat X,04:47:41
1768,Mortal Kombat X,04:47:42
1768,Mortal Kombat X,04:47:43
1768,Mortal Kombat X,04:47:44
1768,Mortal Kombat X,04:47:45
1768,Mortal Kombat X,04:47:46
1768,Mortal Kombat X,04:47:46
1768,Mortal Kombat X,04:47:47
1768,Mortal Kombat X,04:47:48
1768,Mortal Kombat X,04:47:49
1784,Mortal Kombat X,04:47:50
1784,Mortal Kombat X,04:47:51
1784,Mortal Kombat X,04:47:52
1784,Mortal Kombat X,04:47:53
1784,Mortal Kombat X,04:47:54
1784,Mortal Kombat X,04:47:54
1784,Mortal Kombat X,04:47:55
1784,Mortal Kombat X,04:47:56
1784,Mortal Kombat X,04:47:57
1784,Mortal Kombat X,04:47:58
1784,Mortal Kombat X,04:47:59
1784,Mortal Kombat X,04:48:00
1784,Mortal Kombat X,04:48:01
1784,Mortal Kombat X,04:48:02
1784,Mortal Kombat X,04:48:03
1784,Mortal Kombat X,04:48:03
1784,Mortal Kombat X,04:48:04
1784,Mortal Kombat X,04:48:05
1784,Mortal Kombat X,04:48:06
1784,Mortal Kombat X,04:48:07
1784,Mortal Kombat X,04:48:08
1784,Mortal Kombat X,04:48:09
1784,Mortal Kombat X,04:48:10
1784,Mortal Kombat X,04:48:10
1784,Mortal Kombat X,04:48:11
1784,Mortal Kombat X,04:48:12
1784,Mortal Kombat X,04:48:13
1784,Mortal Kombat X,04:48:14
1784,Mortal Kombat X,04:48:15
1784,Mortal Kombat X,04:48:16
1784,Mortal Kombat X,04:48:17
1768,Mortal Kombat X,04:48:17
1768,Mortal Kombat X,04:48:18
1768,Mortal Kombat X,04:48:19
1768,Mortal Kombat X,04:48:20
1768,Mortal Kombat X,04:48:21
1768,Mortal Kombat X,04:48:22
1768,Mortal Kombat X,04:48:23
1768,Mortal Kombat X,04:48:24
1768,Mortal Kombat X,04:48:24
1768,Mortal Kombat X,04:48:25
1768,Mortal Kombat X,04:48:26
1768,Mortal Kombat X,04:48:27
1768,Mortal Kombat X,04:48:28
1768,Mortal Kombat X,04:48:29
1768,Mortal Kombat X,04:48:30
1768,Mortal Kombat X,04:48:30
1768,Mortal Kombat X,04:48:31
1790,Mortal Kombat X,04:48:32
1790,Mortal Kombat X,04:48:33
1790,Mortal Kombat X,04:48:34
1790,Mortal Kombat X,04:48:35
1790,Mortal Kombat X,04:48:36
1790,Mortal Kombat X,04:48:37
1790,Mortal Kombat X,04:48:38
1790,Mortal Kombat X,04:48:38
1790,Mortal Kombat X,04:48:39
1790,Mortal Kombat X,04:48:40
1790,Mortal Kombat X,04:48:41
1790,Mortal Kombat X,04:48:42
1790,Mortal Kombat X,04:48:43
1790,Mortal Kombat X,04:48:44
1790,Mortal Kombat X,04:48:44
1790,Mortal Kombat X,04:48:45
1790,Mortal Kombat X,04:48:46
1790,Mortal Kombat X,04:48:47
1790,Mortal Kombat X,04:48:48
1790,Mortal Kombat X,04:48:49
1790,Mortal Kombat X,04:48:50
1790,Mortal Kombat X,04:48:51
1790,Mortal Kombat X,04:48:51
1790,Mortal Kombat X,04:48:52
1790,Mortal Kombat X,04:48:53
1790,Mortal Kombat X,04:48:54
1790,Mortal Kombat X,04:48:55
1790,Mortal Kombat X,04:48:56
1790,Mortal Kombat X,04:48:57
1790,Mortal Kombat X,04:48:58
1790,Mortal Kombat X,04:48:59
1790,Mortal Kombat X,04:48:59
1790,Mortal Kombat X,04:49:00
1790,Mortal Kombat X,04:49:01
1790,Mortal Kombat X,04:49:02
1790,Mortal Kombat X,04:49:03
1790,Mortal Kombat X,04:49:04
1790,Mortal Kombat X,04:49:05
1790,Mortal Kombat X,04:49:06
1790,Mortal Kombat X,04:49:07
1790,Mortal Kombat X,04:49:07
1790,Mortal Kombat X,04:49:08
1790,Mortal Kombat X,04:49:09
1790,Mortal Kombat X,04:49:10
1790,Mortal Kombat X,04:49:11
1790,Mortal Kombat X,04:49:12
1790,Mortal Kombat X,04:49:13
1790,Mortal Kombat X,04:49:14
1790,Mortal Kombat X,04:49:14
1790,Mortal Kombat X,04:49:15
1790,Mortal Kombat X,04:49:16
1790,Mortal Kombat X,04:49:17
1790,Mortal Kombat X,04:49:18
1790,Mortal Kombat X,04:49:19
1817,Mortal Kombat X,04:49:20
1817,Mortal Kombat X,04:49:21
1817,Mortal Kombat X,04:49:21
1817,Mortal Kombat X,04:49:22
1817,Mortal Kombat X,04:49:23
1817,Mortal Kombat X,04:49:24
1817,Mortal Kombat X,04:49:25
1817,Mortal Kombat X,04:49:26
1817,Mortal Kombat X,04:49:27
1817,Mortal Kombat X,04:49:28
1817,Mortal Kombat X,04:49:28
1817,Mortal Kombat X,04:49:29
1817,Mortal Kombat X,04:49:30
1817,Mortal Kombat X,04:49:31
1817,Mortal Kombat X,04:49:32
1817,Mortal Kombat X,04:49:33
1817,Mortal Kombat X,04:49:34
1817,Mortal Kombat X,04:49:35
1817,Mortal Kombat X,04:49:35
1817,Mortal Kombat X,04:49:36
1817,Mortal Kombat X,04:49:37
1817,Mortal Kombat X,04:49:38
1817,Mortal Kombat X,04:49:39
1817,Mortal Kombat X,04:49:40
1817,Mortal Kombat X,04:49:41
1817,Mortal Kombat X,04:49:42
1817,Mortal Kombat X,04:49:43
1817,Mortal Kombat X,04:49:43
1817,Mortal Kombat X,04:49:44
1817,Mortal Kombat X,04:49:45
1817,Mortal Kombat X,04:49:46
1817,Mortal Kombat X,04:49:47
1817,Mortal Kombat X,04:49:48
1817,Mortal Kombat X,04:49:49
1817,Mortal Kombat X,04:49:50
1817,Mortal Kombat X,04:49:50
1817,Mortal Kombat X,04:49:51
1817,Mortal Kombat X,04:49:52
1817,Mortal Kombat X,04:49:53
1817,Mortal Kombat X,04:49:54
1817,Mortal Kombat X,04:49:55
1817,Mortal Kombat X,04:49:56
1817,Mortal Kombat X,04:49:57
1817,Mortal Kombat X,04:49:57
1817,Mortal Kombat X,04:49:58
1817,Mortal Kombat X,04:49:59
1817,Mortal Kombat X,04:50:00
1817,Mortal Kombat X,04:50:01
1817,Mortal Kombat X,04:50:02
1817,Mortal Kombat X,04:50:03
1817,Mortal Kombat X,04:50:04
1817,Mortal Kombat X,04:50:04
1817,Mortal Kombat X,04:50:05
1817,Mortal Kombat X,04:50:06
1833,Mortal Kombat X,04:50:07
1833,Mortal Kombat X,04:50:08
1833,Mortal Kombat X,04:50:09
1833,Mortal Kombat X,04:50:10
1833,Mortal Kombat X,04:50:11
1833,Mortal Kombat X,04:50:11
1833,Mortal Kombat X,04:50:13
1833,Mortal Kombat X,04:50:14
1833,Mortal Kombat X,04:50:14
1833,Mortal Kombat X,04:50:15
1833,Mortal Kombat X,04:50:16
1833,Mortal Kombat X,04:50:17
1833,Mortal Kombat X,04:50:18
1833,Mortal Kombat X,04:50:19
1833,Mortal Kombat X,04:50:20
1833,Mortal Kombat X,04:50:21
1833,Mortal Kombat X,04:50:22
1833,Mortal Kombat X,04:50:22
1833,Mortal Kombat X,04:50:23
1833,Mortal Kombat X,04:50:24
1833,Mortal Kombat X,04:50:25
1833,Mortal Kombat X,04:50:26
1833,Mortal Kombat X,04:50:27
1833,Mortal Kombat X,04:50:28
1833,Mortal Kombat X,04:50:29
1833,Mortal Kombat X,04:50:30
1833,Mortal Kombat X,04:50:30
1833,Mortal Kombat X,04:50:31
1833,Mortal Kombat X,04:50:32
1833,Mortal Kombat X,04:50:33
1833,Mortal Kombat X,04:50:34
1833,Mortal Kombat X,04:50:35
1833,Mortal Kombat X,04:50:36
1833,Mortal Kombat X,04:50:37
1833,Mortal Kombat X,04:50:38
1833,Mortal Kombat X,04:50:39
1833,Mortal Kombat X,04:50:40
1833,Mortal Kombat X,04:50:41
1833,Mortal Kombat X,04:50:42
1833,Mortal Kombat X,04:50:43
1833,Mortal Kombat X,04:50:43
1833,Mortal Kombat X,04:50:44
1833,Mortal Kombat X,04:50:45
1833,Mortal Kombat X,04:50:46
1833,Mortal Kombat X,04:50:47
1833,Mortal Kombat X,04:50:48
1833,Mortal Kombat X,04:50:49
1833,Mortal Kombat X,04:50:50
1845,Mortal Kombat X,04:50:50
1845,Mortal Kombat X,04:50:51
1845,Mortal Kombat X,04:50:52
1845,Mortal Kombat X,04:50:53
1845,Mortal Kombat X,04:50:54
1845,Mortal Kombat X,04:50:55
1845,Mortal Kombat X,04:50:56
1845,Mortal Kombat X,04:50:57
1845,Mortal Kombat X,04:50:57
1845,Mortal Kombat X,04:50:58
1845,Mortal Kombat X,04:50:59
1845,Mortal Kombat X,04:51:00
1845,Mortal Kombat X,04:51:01
1845,Mortal Kombat X,04:51:02
1845,Mortal Kombat X,04:51:03
1845,Mortal Kombat X,04:51:04
1845,Mortal Kombat X,04:51:05
1845,Mortal Kombat X,04:51:05
1845,Mortal Kombat X,04:51:06
1845,Mortal Kombat X,04:51:07
1845,Mortal Kombat X,04:51:08
1845,Mortal Kombat X,04:51:09
1845,Mortal Kombat X,04:51:10
1845,Mortal Kombat X,04:51:11
1845,Mortal Kombat X,04:51:12
1845,Mortal Kombat X,04:51:12
1845,Mortal Kombat X,04:51:13
1845,Mortal Kombat X,04:51:14
1845,Mortal Kombat X,04:51:15
1845,Mortal Kombat X,04:51:16
1845,Mortal Kombat X,04:51:17
1845,Mortal Kombat X,04:51:18
1845,Mortal Kombat X,04:51:19
1845,Mortal Kombat X,04:51:19
1845,Mortal Kombat X,04:51:20
1845,Mortal Kombat X,04:51:21
1833,Mortal Kombat X,04:51:22
1833,Mortal Kombat X,04:51:23
1833,Mortal Kombat X,04:51:24
1833,Mortal Kombat X,04:51:25
1833,Mortal Kombat X,04:51:25
1833,Mortal Kombat X,04:51:26
1833,Mortal Kombat X,04:51:27
1833,Mortal Kombat X,04:51:28
1833,Mortal Kombat X,04:51:29
1833,Mortal Kombat X,04:51:30
1833,Mortal Kombat X,04:51:31
1833,Mortal Kombat X,04:51:32
1850,Mortal Kombat X,04:51:33
1850,Mortal Kombat X,04:51:33
1850,Mortal Kombat X,04:51:34
1850,Mortal Kombat X,04:51:35
1850,Mortal Kombat X,04:51:36
1850,Mortal Kombat X,04:51:37
1850,Mortal Kombat X,04:51:38
1850,Mortal Kombat X,04:51:39
1850,Mortal Kombat X,04:51:40
1850,Mortal Kombat X,04:51:40
1850,Mortal Kombat X,04:51:41
1850,Mortal Kombat X,04:51:42
1850,Mortal Kombat X,04:51:43
1850,Mortal Kombat X,04:51:44
1850,Mortal Kombat X,04:51:45
1850,Mortal Kombat X,04:51:46
1850,Mortal Kombat X,04:51:46
1850,Mortal Kombat X,04:51:47
1850,Mortal Kombat X,04:51:48
1850,Mortal Kombat X,04:51:49
1850,Mortal Kombat X,04:51:50
1850,Mortal Kombat X,04:51:51
1850,Mortal Kombat X,04:51:52
1850,Mortal Kombat X,04:51:53
1850,Mortal Kombat X,04:51:54
1850,Mortal Kombat X,04:51:55
1850,Mortal Kombat X,04:51:56
1850,Mortal Kombat X,04:51:56
1850,Mortal Kombat X,04:51:57
1850,Mortal Kombat X,04:51:58
1850,Mortal Kombat X,04:51:59
1850,Mortal Kombat X,04:52:00
1850,Mortal Kombat X,04:52:01
1850,Mortal Kombat X,04:52:02
1850,Mortal Kombat X,04:52:03
1850,Mortal Kombat X,04:52:03
1898,Mortal Kombat X,04:52:04
1898,Mortal Kombat X,04:52:05
1898,Mortal Kombat X,04:52:06
1898,Mortal Kombat X,04:52:07
1898,Mortal Kombat X,04:52:08
1898,Mortal Kombat X,04:52:09
1898,Mortal Kombat X,04:52:10
1898,Mortal Kombat X,04:52:11
1898,Mortal Kombat X,04:52:11
1898,Mortal Kombat X,04:52:12
1898,Mortal Kombat X,04:52:13
1898,Mortal Kombat X,04:52:14
1898,Mortal Kombat X,04:52:15
1898,Mortal Kombat X,04:52:16
1898,Mortal Kombat X,04:52:17
1898,Mortal Kombat X,04:52:18
1898,Mortal Kombat X,04:52:18
1898,Mortal Kombat X,04:52:19
1898,Mortal Kombat X,04:52:20
1898,Mortal Kombat X,04:52:21
1898,Mortal Kombat X,04:52:22
1898,Mortal Kombat X,04:52:23
1898,Mortal Kombat X,04:52:24
1898,Mortal Kombat X,04:52:24
1898,Mortal Kombat X,04:52:25
1898,Mortal Kombat X,04:52:26
1898,Mortal Kombat X,04:52:27
1898,Mortal Kombat X,04:52:28
1898,Mortal Kombat X,04:52:29
1898,Mortal Kombat X,04:52:30
1898,Mortal Kombat X,04:52:31
1898,Mortal Kombat X,04:52:31
1898,Mortal Kombat X,04:52:32
1898,Mortal Kombat X,04:52:33
1898,Mortal Kombat X,04:52:34
1898,Mortal Kombat X,04:52:35
1898,Mortal Kombat X,04:52:36
1898,Mortal Kombat X,04:52:37
1898,Mortal Kombat X,04:52:38
1898,Mortal Kombat X,04:52:38
1898,Mortal Kombat X,04:52:39
1898,Mortal Kombat X,04:52:40
1898,Mortal Kombat X,04:52:41
1898,Mortal Kombat X,04:52:42
1898,Mortal Kombat X,04:52:43
1898,Mortal Kombat X,04:52:44
1898,Mortal Kombat X,04:52:45
1898,Mortal Kombat X,04:52:45
1898,Mortal Kombat X,04:52:46
1898,Mortal Kombat X,04:52:47
1898,Mortal Kombat X,04:52:48
1898,Mortal Kombat X,04:52:49
1898,Mortal Kombat X,04:52:50
1898,Mortal Kombat X,04:52:51
1909,Mortal Kombat X,04:52:52
1909,Mortal Kombat X,04:52:52
1909,Mortal Kombat X,04:52:53
1909,Mortal Kombat X,04:52:54
1909,Mortal Kombat X,04:52:55
1909,Mortal Kombat X,04:52:56
1909,Mortal Kombat X,04:52:57
1909,Mortal Kombat X,04:52:58
1909,Mortal Kombat X,04:52:59
1909,Mortal Kombat X,04:52:59
1909,Mortal Kombat X,04:53:00
1909,Mortal Kombat X,04:53:01
1909,Mortal Kombat X,04:53:02
1909,Mortal Kombat X,04:53:03
1909,Mortal Kombat X,04:53:04
1909,Mortal Kombat X,04:53:05
1909,Mortal Kombat X,04:53:06
1909,Mortal Kombat X,04:53:06
1909,Mortal Kombat X,04:53:07
1909,Mortal Kombat X,04:53:08
1909,Mortal Kombat X,04:53:09
1909,Mortal Kombat X,04:53:10
1909,Mortal Kombat X,04:53:11
1909,Mortal Kombat X,04:53:12
1909,Mortal Kombat X,04:53:13
1909,Mortal Kombat X,04:53:13
1909,Mortal Kombat X,04:53:14
1909,Mortal Kombat X,04:53:15
1909,Mortal Kombat X,04:53:16
1909,Mortal Kombat X,04:53:17
1909,Mortal Kombat X,04:53:18
1909,Mortal Kombat X,04:53:19
1909,Mortal Kombat X,04:53:20
1909,Mortal Kombat X,04:53:21
1909,Mortal Kombat X,04:53:21
1909,Mortal Kombat X,04:53:22
1909,Mortal Kombat X,04:53:23
1909,Mortal Kombat X,04:53:24
1909,Mortal Kombat X,04:53:25
1909,Mortal Kombat X,04:53:26
1909,Mortal Kombat X,04:53:27
1909,Mortal Kombat X,04:53:28
1909,Mortal Kombat X,04:53:29
1909,Mortal Kombat X,04:53:30
1909,Mortal Kombat X,04:53:30
1909,Mortal Kombat X,04:53:31
1909,Mortal Kombat X,04:53:32
1909,Mortal Kombat X,04:53:33
1955,Mortal Kombat X,04:53:34
1955,Mortal Kombat X,04:53:35
1955,Mortal Kombat X,04:53:36
1955,Mortal Kombat X,04:53:37
1955,Mortal Kombat X,04:53:37
1955,Mortal Kombat X,04:53:38
1955,Mortal Kombat X,04:53:39
1955,Mortal Kombat X,04:53:40
1955,Mortal Kombat X,04:53:41
1955,Mortal Kombat X,04:53:42
1955,Mortal Kombat X,04:53:43
1955,Mortal Kombat X,04:53:44
1955,Mortal Kombat X,04:53:44
1955,Mortal Kombat X,04:53:45
1955,Mortal Kombat X,04:53:46
1955,Mortal Kombat X,04:53:47
1955,Mortal Kombat X,04:53:48
1955,Mortal Kombat X,04:53:49
1955,Mortal Kombat X,04:53:50
1955,Mortal Kombat X,04:53:51
1955,Mortal Kombat X,04:53:51
1955,Mortal Kombat X,04:53:52
1955,Mortal Kombat X,04:53:53
1955,Mortal Kombat X,04:53:54
1955,Mortal Kombat X,04:53:55
1955,Mortal Kombat X,04:53:56
1955,Mortal Kombat X,04:53:57
1955,Mortal Kombat X,04:53:58
1955,Mortal Kombat X,04:53:58
1955,Mortal Kombat X,04:53:59
1955,Mortal Kombat X,04:54:00
1955,Mortal Kombat X,04:54:01
1955,Mortal Kombat X,04:54:02
1955,Mortal Kombat X,04:54:03
1955,Mortal Kombat X,04:54:04
1955,Mortal Kombat X,04:54:05
1955,Mortal Kombat X,04:54:05
1955,Mortal Kombat X,04:54:06
1955,Mortal Kombat X,04:54:07
1955,Mortal Kombat X,04:54:08
1955,Mortal Kombat X,04:54:09
1955,Mortal Kombat X,04:54:10
1955,Mortal Kombat X,04:54:11
1955,Mortal Kombat X,04:54:12
1955,Mortal Kombat X,04:54:12
1955,Mortal Kombat X,04:54:13
1955,Mortal Kombat X,04:54:14
1955,Mortal Kombat X,04:54:15
1955,Mortal Kombat X,04:54:16
1955,Mortal Kombat X,04:54:17
1955,Mortal Kombat X,04:54:18
1955,Mortal Kombat X,04:54:19
1955,Mortal Kombat X,04:54:20
1955,Mortal Kombat X,04:54:21
1962,Mortal Kombat X,04:54:22
1962,Mortal Kombat X,04:54:23
1962,Mortal Kombat X,04:54:24
1962,Mortal Kombat X,04:54:24
1962,Mortal Kombat X,04:54:25
1962,Mortal Kombat X,04:54:26
1962,Mortal Kombat X,04:54:27
1962,Mortal Kombat X,04:54:28
1962,Mortal Kombat X,04:54:29
1962,Mortal Kombat X,04:54:30
1962,Mortal Kombat X,04:54:31
1962,Mortal Kombat X,04:54:32
1962,Mortal Kombat X,04:54:32
1962,Mortal Kombat X,04:54:33
1962,Mortal Kombat X,04:54:34
1962,Mortal Kombat X,04:54:35
1962,Mortal Kombat X,04:54:36
1962,Mortal Kombat X,04:54:37
1962,Mortal Kombat X,04:54:38
1962,Mortal Kombat X,04:54:39
1962,Mortal Kombat X,04:54:39
1962,Mortal Kombat X,04:54:40
1962,Mortal Kombat X,04:54:41
1962,Mortal Kombat X,04:54:42
1962,Mortal Kombat X,04:54:43
1962,Mortal Kombat X,04:54:44
1962,Mortal Kombat X,04:54:45
1962,Mortal Kombat X,04:54:46
1962,Mortal Kombat X,04:54:46
1962,Mortal Kombat X,04:54:47
1962,Mortal Kombat X,04:54:49
1962,Mortal Kombat X,04:54:49
1962,Mortal Kombat X,04:54:50
1962,Mortal Kombat X,04:54:51
1962,Mortal Kombat X,04:54:52
1962,Mortal Kombat X,04:54:53
1962,Mortal Kombat X,04:54:54
1962,Mortal Kombat X,04:54:55
1962,Mortal Kombat X,04:54:56
1962,Mortal Kombat X,04:54:56
1962,Mortal Kombat X,04:54:57
1962,Mortal Kombat X,04:54:58
1962,Mortal Kombat X,04:54:59
1962,Mortal Kombat X,04:55:00
1962,Mortal Kombat X,04:55:01
1962,Mortal Kombat X,04:55:02
1962,Mortal Kombat X,04:55:03
1962,Mortal Kombat X,04:55:03
1960,Mortal Kombat X,04:55:04
1960,Mortal Kombat X,04:55:05
1960,Mortal Kombat X,04:55:06
1960,Mortal Kombat X,04:55:07
1960,Mortal Kombat X,04:55:08
1960,Mortal Kombat X,04:55:09
1960,Mortal Kombat X,04:55:10
1960,Mortal Kombat X,04:55:11
1960,Mortal Kombat X,04:55:11
1960,Mortal Kombat X,04:55:12
1960,Mortal Kombat X,04:55:13
1960,Mortal Kombat X,04:55:14
1960,Mortal Kombat X,04:55:15
1960,Mortal Kombat X,04:55:16
1960,Mortal Kombat X,04:55:17
1960,Mortal Kombat X,04:55:18
1960,Mortal Kombat X,04:55:18
1960,Mortal Kombat X,04:55:19
1960,Mortal Kombat X,04:55:20
1960,Mortal Kombat X,04:55:21
1960,Mortal Kombat X,04:55:22
1960,Mortal Kombat X,04:55:23
1960,Mortal Kombat X,04:55:24
1960,Mortal Kombat X,04:55:24
1960,Mortal Kombat X,04:55:25
1960,Mortal Kombat X,04:55:26
1960,Mortal Kombat X,04:55:27
1960,Mortal Kombat X,04:55:28
1960,Mortal Kombat X,04:55:29
1960,Mortal Kombat X,04:55:30
1960,Mortal Kombat X,04:55:31
1960,Mortal Kombat X,04:55:32
1960,Mortal Kombat X,04:55:33
1960,Mortal Kombat X,04:55:33
1960,Mortal Kombat X,04:55:34
1960,Mortal Kombat X,04:55:35
1960,Mortal Kombat X,04:55:36
1960,Mortal Kombat X,04:55:37
1960,Mortal Kombat X,04:55:38
1960,Mortal Kombat X,04:55:39
1960,Mortal Kombat X,04:55:40
1960,Mortal Kombat X,04:55:40
1960,Mortal Kombat X,04:55:41
1960,Mortal Kombat X,04:55:42
1960,Mortal Kombat X,04:55:43
1960,Mortal Kombat X,04:55:44
1960,Mortal Kombat X,04:55:45
1960,Mortal Kombat X,04:55:46
1960,Mortal Kombat X,04:55:47
1960,Mortal Kombat X,04:55:47
1960,Mortal Kombat X,04:55:48
1960,Mortal Kombat X,04:55:49
1960,Mortal Kombat X,04:55:50
1960,Mortal Kombat X,04:55:51
1880,Mortal Kombat X,04:55:52
1880,Mortal Kombat X,04:55:53
1880,Mortal Kombat X,04:55:54
1880,Mortal Kombat X,04:55:54
1880,Mortal Kombat X,04:55:55
1880,Mortal Kombat X,04:55:56
1880,Mortal Kombat X,04:55:57
1880,Mortal Kombat X,04:55:58
1880,Mortal Kombat X,04:55:59
1880,Mortal Kombat X,04:56:00
1880,Mortal Kombat X,04:56:01
1880,Mortal Kombat X,04:56:01
1880,Mortal Kombat X,04:56:02
1880,Mortal Kombat X,04:56:03
1880,Mortal Kombat X,04:56:04
1880,Mortal Kombat X,04:56:05
1880,Mortal Kombat X,04:56:06
1880,Mortal Kombat X,04:56:07
1880,Mortal Kombat X,04:56:08
1880,Mortal Kombat X,04:56:08
1880,Mortal Kombat X,04:56:09
1880,Mortal Kombat X,04:56:10
1880,Mortal Kombat X,04:56:11
1880,Mortal Kombat X,04:56:12
1880,Mortal Kombat X,04:56:13
1880,Mortal Kombat X,04:56:14
1880,Mortal Kombat X,04:56:15
1880,Mortal Kombat X,04:56:15
1880,Mortal Kombat X,04:56:16
1880,Mortal Kombat X,04:56:17
1880,Mortal Kombat X,04:56:18
1880,Mortal Kombat X,04:56:19
1880,Mortal Kombat X,04:56:20
1880,Mortal Kombat X,04:56:21
1880,Mortal Kombat X,04:56:22
1880,Mortal Kombat X,04:56:22
1880,Mortal Kombat X,04:56:23
1880,Mortal Kombat X,04:56:24
1880,Mortal Kombat X,04:56:25
1880,Mortal Kombat X,04:56:26
1880,Mortal Kombat X,04:56:27
1880,Mortal Kombat X,04:56:28
1880,Mortal Kombat X,04:56:29
1880,Mortal Kombat X,04:56:29
1880,Mortal Kombat X,04:56:30
1880,Mortal Kombat X,04:56:31
1880,Mortal Kombat X,04:56:32
1880,Mortal Kombat X,04:56:33
1856,Mortal Kombat X,04:56:34
1856,Mortal Kombat X,04:56:35
1856,Mortal Kombat X,04:56:36
1856,Mortal Kombat X,04:56:37
1856,Mortal Kombat X,04:56:37
1856,Mortal Kombat X,04:56:38
1856,Mortal Kombat X,04:56:39
1856,Mortal Kombat X,04:56:40
1856,Mortal Kombat X,04:56:41
1856,Mortal Kombat X,04:56:42
1856,Mortal Kombat X,04:56:43
1856,Mortal Kombat X,04:56:44
1856,Mortal Kombat X,04:56:44
1856,Mortal Kombat X,04:56:45
1856,Mortal Kombat X,04:56:46
1856,Mortal Kombat X,04:56:47
1856,Mortal Kombat X,04:56:48
1856,Mortal Kombat X,04:56:49
1856,Mortal Kombat X,04:56:50
1856,Mortal Kombat X,04:56:51
1856,Mortal Kombat X,04:56:51
1856,Mortal Kombat X,04:56:52
1856,Mortal Kombat X,04:56:53
1856,Mortal Kombat X,04:56:54
1856,Mortal Kombat X,04:56:55
1856,Mortal Kombat X,04:56:56
1856,Mortal Kombat X,04:56:57
1856,Mortal Kombat X,04:56:58
1856,Mortal Kombat X,04:56:58
1856,Mortal Kombat X,04:56:59
1856,Mortal Kombat X,04:57:00
1856,Mortal Kombat X,04:57:01
1856,Mortal Kombat X,04:57:02
1856,Mortal Kombat X,04:57:03
1856,Mortal Kombat X,04:57:04
1856,Mortal Kombat X,04:57:04
1856,Mortal Kombat X,04:57:05
1856,Mortal Kombat X,04:57:06
1856,Mortal Kombat X,04:57:07
1856,Mortal Kombat X,04:57:08
1856,Mortal Kombat X,04:57:09
1856,Mortal Kombat X,04:57:10
1856,Mortal Kombat X,04:57:11
1856,Mortal Kombat X,04:57:11
1856,Mortal Kombat X,04:57:12
1856,Mortal Kombat X,04:57:13
1856,Mortal Kombat X,04:57:14
1856,Mortal Kombat X,04:57:15
1856,Mortal Kombat X,04:57:16
1856,Mortal Kombat X,04:57:17
1856,Mortal Kombat X,04:57:18
1856,Mortal Kombat X,04:57:19
1856,Mortal Kombat X,04:57:19
1856,Mortal Kombat X,04:57:20
1882,Mortal Kombat X,04:57:22
1882,Mortal Kombat X,04:57:22
1882,Mortal Kombat X,04:57:23
1882,Mortal Kombat X,04:57:24
1882,Mortal Kombat X,04:57:25
1882,Mortal Kombat X,04:57:26
1882,Mortal Kombat X,04:57:27
1882,Mortal Kombat X,04:57:28
1882,Mortal Kombat X,04:57:29
1882,Mortal Kombat X,04:57:29
1882,Mortal Kombat X,04:57:30
1882,Mortal Kombat X,04:57:31
1882,Mortal Kombat X,04:57:32
1882,Mortal Kombat X,04:57:33
1882,Mortal Kombat X,04:57:34
1882,Mortal Kombat X,04:57:35
1882,Mortal Kombat X,04:57:36
1882,Mortal Kombat X,04:57:36
1882,Mortal Kombat X,04:57:37
1882,Mortal Kombat X,04:57:38
1882,Mortal Kombat X,04:57:39
1882,Mortal Kombat X,04:57:40
1882,Mortal Kombat X,04:57:41
1882,Mortal Kombat X,04:57:42
1882,Mortal Kombat X,04:57:43
1882,Mortal Kombat X,04:57:44
1882,Mortal Kombat X,04:57:44
1882,Mortal Kombat X,04:57:45
1882,Mortal Kombat X,04:57:46
1882,Mortal Kombat X,04:57:47
1882,Mortal Kombat X,04:57:48
1882,Mortal Kombat X,04:57:49
1882,Mortal Kombat X,04:57:50
1882,Mortal Kombat X,04:57:51
1882,Mortal Kombat X,04:57:51
1882,Mortal Kombat X,04:57:52
-1,Stream Offline!,04:57:53
